physician_id,segment,specialty,region,formulary_tier,adoption_status,adoption_rate_pct,adopted_therapy,patient_panel_size,adopted_patients_est,untapped_patients_est,rep_visit_frequency_q,rep_coverage_band,digital_engagement_score,engagement_band,peer_influence_score,competitor_loyalty_score,patient_oop_cost_estimate,cost_band,pct_medicare_patients,years_in_practice,tenure_band
PHY100000,Access-Constrained,Primary Care,South,3 - Restricted (high copay),Not adopted,3.3,0,274.0,9.0,265.0,2,Medium (2-3/qtr),50.4,Medium,70.8,33.5,159.0,High ($100+),37.2,11.0,Mid (6-15 yrs)
PHY100001,Access-Constrained,Primary Care,Midwest,3 - Restricted (high copay),Not adopted,5.2,0,120.0,6.0,114.0,1,Low (0-1/qtr),71.9,High,76.2,43.5,110.0,High ($100+),46.2,15.0,Mid (6-15 yrs)
PHY100002,"White Space (High Potential, Under-Engaged)",Internal Medicine,West,1 - Preferred (low copay),Not adopted,12.5,0,159.0,20.0,139.0,3,Medium (2-3/qtr),53.4,Medium,46.2,45.5,36.0,Low ($0-50),46.3,8.0,Mid (6-15 yrs)
PHY100003,Access-Constrained,Primary Care,South,3 - Restricted (high copay),Not adopted,11.1,0,209.0,23.0,186.0,3,Medium (2-3/qtr),84.9,High,66.3,65.0,109.0,High ($100+),48.1,6.0,Mid (6-15 yrs)
PHY100004,Access-Constrained,Cardiology,Northeast,2 - Standard,Not adopted,10.2,0,332.0,34.0,298.0,3,Medium (2-3/qtr),26.6,Low,28.0,26.6,77.0,Medium ($50-100),28.3,7.0,Mid (6-15 yrs)
PHY100005,Access-Constrained,Internal Medicine,Northeast,3 - Restricted (high copay),Not adopted,1.4,0,269.0,4.0,265.0,4,High (4+/qtr),49.8,Medium,65.3,90.4,121.0,High ($100+),43.1,10.0,Mid (6-15 yrs)
PHY100006,Access-Constrained,Primary Care,South,3 - Restricted (high copay),Not adopted,5.6,0,247.0,14.0,233.0,3,Medium (2-3/qtr),64.8,Medium,38.6,34.8,111.0,High ($100+),24.9,6.0,Mid (6-15 yrs)
PHY100007,Access-Constrained,Primary Care,Northeast,2 - Standard,Not adopted,2.6,0,157.0,4.0,153.0,3,Medium (2-3/qtr),45.8,Medium,26.3,49.8,54.0,Medium ($50-100),28.7,15.0,Mid (6-15 yrs)
PHY100008,"White Space (High Potential, Under-Engaged)",Cardiology,South,1 - Preferred (low copay),Adopted,75.0,1,127.0,95.0,32.0,4,High (4+/qtr),75.3,High,46.3,26.8,19.0,Low ($0-50),24.2,19.0,Senior (16+ yrs)
PHY100009,Access-Constrained,Primary Care,West,2 - Standard,Not adopted,25.9,0,227.0,59.0,168.0,3,Medium (2-3/qtr),40.5,Medium,78.0,24.0,92.0,Medium ($50-100),20.2,3.0,Early (0-5 yrs)
PHY100010,"White Space (High Potential, Under-Engaged)",Endocrinology,Northeast,1 - Preferred (low copay),Not adopted,19.7,0,114.0,22.0,92.0,3,Medium (2-3/qtr),95.5,High,53.6,32.5,95.0,Medium ($50-100),54.0,14.0,Mid (6-15 yrs)
PHY100011,Access-Constrained,Internal Medicine,Northeast,3 - Restricted (high copay),Adopted,24.2,1,166.0,40.0,126.0,5,High (4+/qtr),96.7,High,79.9,30.6,112.0,High ($100+),48.3,12.0,Mid (6-15 yrs)
PHY100012,Advocates (High Adopters),Primary Care,West,1 - Preferred (low copay),Not adopted,12.0,0,173.0,21.0,152.0,4,High (4+/qtr),56.2,Medium,35.0,41.7,80.0,Medium ($50-100),52.6,16.0,Senior (16+ yrs)
PHY100013,Access-Constrained,Internal Medicine,South,2 - Standard,Not adopted,40.3,0,276.0,111.0,165.0,2,Medium (2-3/qtr),62.2,Medium,71.0,30.4,110.0,High ($100+),38.6,14.0,Mid (6-15 yrs)
PHY100014,Access-Constrained,Primary Care,Northeast,3 - Restricted (high copay),Not adopted,1.3,0,159.0,2.0,157.0,4,High (4+/qtr),76.2,High,37.0,63.9,117.0,High ($100+),49.7,4.0,Early (0-5 yrs)
PHY100015,Advocates (High Adopters),Endocrinology,West,1 - Preferred (low copay),Not adopted,59.6,0,34.0,20.0,14.0,5,High (4+/qtr),23.9,Low,54.5,34.3,40.0,Low ($0-50),11.6,5.0,Early (0-5 yrs)
PHY100016,Access-Constrained,Primary Care,West,2 - Standard,Not adopted,3.2,0,210.0,7.0,203.0,3,Medium (2-3/qtr),21.1,Low,54.3,32.1,90.0,Medium ($50-100),50.9,14.0,Mid (6-15 yrs)
PHY100017,Access-Constrained,Cardiology,South,2 - Standard,Not adopted,9.1,0,138.0,13.0,125.0,3,Medium (2-3/qtr),77.6,High,63.2,42.1,115.0,High ($100+),40.7,21.0,Senior (16+ yrs)
PHY100018,Advocates (High Adopters),Internal Medicine,South,2 - Standard,Not adopted,5.1,0,183.0,9.0,174.0,5,High (4+/qtr),56.0,Medium,55.0,69.9,98.0,Medium ($50-100),47.4,1.0,Early (0-5 yrs)
PHY100019,"White Space (High Potential, Under-Engaged)",Primary Care,Midwest,1 - Preferred (low copay),Not adopted,5.4,0,175.0,9.0,166.0,3,Medium (2-3/qtr),45.0,Medium,35.2,54.3,79.0,Medium ($50-100),43.7,16.0,Senior (16+ yrs)
PHY100020,"White Space (High Potential, Under-Engaged)",Primary Care,Northeast,1 - Preferred (low copay),Not adopted,8.3,0,164.0,14.0,150.0,1,Low (0-1/qtr),50.2,Medium,67.6,48.0,48.0,Low ($0-50),23.2,22.0,Senior (16+ yrs)
PHY100021,Advocates (High Adopters),Endocrinology,South,2 - Standard,Not adopted,39.7,0,227.0,90.0,137.0,8,High (4+/qtr),0.0,Low,84.6,21.3,80.0,Medium ($50-100),15.5,13.0,Mid (6-15 yrs)
PHY100022,Access-Constrained,Internal Medicine,Midwest,2 - Standard,Adopted,9.2,1,88.0,8.0,80.0,3,Medium (2-3/qtr),45.8,Medium,38.3,27.1,82.0,Medium ($50-100),27.3,18.0,Senior (16+ yrs)
PHY100023,Access-Constrained,Internal Medicine,South,2 - Standard,Adopted,3.5,1,149.0,5.0,144.0,2,Medium (2-3/qtr),33.4,Medium,13.3,24.4,84.0,Medium ($50-100),46.5,9.0,Mid (6-15 yrs)
PHY100024,"White Space (High Potential, Under-Engaged)",Primary Care,West,1 - Preferred (low copay),Not adopted,5.3,0,221.0,12.0,209.0,2,Medium (2-3/qtr),70.2,High,60.0,76.1,89.0,Medium ($50-100),48.4,13.0,Mid (6-15 yrs)
PHY100025,"White Space (High Potential, Under-Engaged)",Cardiology,Northeast,2 - Standard,Not adopted,18.8,0,143.0,27.0,116.0,2,Medium (2-3/qtr),71.9,High,43.4,60.6,26.0,Low ($0-50),17.5,3.0,Early (0-5 yrs)
PHY100026,Access-Constrained,Primary Care,South,2 - Standard,Not adopted,8.2,0,83.0,7.0,76.0,1,Low (0-1/qtr),62.7,Medium,47.4,32.8,86.0,Medium ($50-100),23.3,1.0,Early (0-5 yrs)
PHY100027,"White Space (High Potential, Under-Engaged)",Cardiology,Northeast,1 - Preferred (low copay),Not adopted,37.4,0,220.0,82.0,138.0,2,Medium (2-3/qtr),58.7,Medium,61.1,38.7,58.0,Medium ($50-100),27.2,21.0,Senior (16+ yrs)
PHY100028,Access-Constrained,Cardiology,West,2 - Standard,Not adopted,10.7,0,247.0,26.0,221.0,2,Medium (2-3/qtr),17.1,Low,40.9,33.5,51.0,Medium ($50-100),32.6,7.0,Mid (6-15 yrs)
PHY100029,Access-Constrained,Primary Care,Midwest,2 - Standard,Not adopted,11.2,0,177.0,20.0,157.0,4,High (4+/qtr),63.0,Medium,44.6,32.3,102.0,High ($100+),17.6,11.0,Mid (6-15 yrs)
PHY100030,Advocates (High Adopters),Primary Care,South,2 - Standard,Not adopted,5.5,0,62.0,3.0,59.0,4,High (4+/qtr),63.8,Medium,48.0,59.2,67.0,Medium ($50-100),16.7,4.0,Early (0-5 yrs)
PHY100031,Access-Constrained,Internal Medicine,South,3 - Restricted (high copay),Not adopted,7.1,0,222.0,16.0,206.0,2,Medium (2-3/qtr),77.4,High,79.4,44.2,101.0,High ($100+),25.7,4.0,Early (0-5 yrs)
PHY100032,Access-Constrained,Endocrinology,Midwest,2 - Standard,Not adopted,6.9,0,80.0,6.0,74.0,2,Medium (2-3/qtr),96.6,High,50.6,91.6,131.0,High ($100+),39.3,13.0,Mid (6-15 yrs)
PHY100033,Access-Constrained,Endocrinology,South,2 - Standard,Not adopted,2.0,0,199.0,4.0,195.0,2,Medium (2-3/qtr),12.8,Low,25.3,75.0,110.0,High ($100+),20.3,9.0,Mid (6-15 yrs)
PHY100034,Advocates (High Adopters),Primary Care,South,1 - Preferred (low copay),Not adopted,6.0,0,127.0,8.0,119.0,4,High (4+/qtr),41.5,Medium,26.1,76.2,74.0,Medium ($50-100),36.3,17.0,Senior (16+ yrs)
PHY100035,"White Space (High Potential, Under-Engaged)",Cardiology,South,1 - Preferred (low copay),Not adopted,16.1,0,110.0,18.0,92.0,2,Medium (2-3/qtr),33.7,Medium,52.8,63.4,70.0,Medium ($50-100),53.9,17.0,Senior (16+ yrs)
PHY100036,Advocates (High Adopters),Cardiology,South,1 - Preferred (low copay),Not adopted,20.9,0,153.0,32.0,121.0,4,High (4+/qtr),53.8,Medium,27.4,41.5,56.0,Medium ($50-100),18.5,16.0,Senior (16+ yrs)
PHY100037,Access-Constrained,Primary Care,West,3 - Restricted (high copay),Not adopted,0.3,0,169.0,1.0,168.0,0,Low (0-1/qtr),50.3,Medium,18.8,62.0,160.0,High ($100+),34.9,16.0,Senior (16+ yrs)
PHY100038,Access-Constrained,Endocrinology,Midwest,3 - Restricted (high copay),Not adopted,2.0,0,141.0,3.0,138.0,5,High (4+/qtr),44.9,Medium,62.7,43.0,130.0,High ($100+),53.4,25.0,Senior (16+ yrs)
PHY100039,"White Space (High Potential, Under-Engaged)",Primary Care,South,1 - Preferred (low copay),Not adopted,18.4,0,215.0,40.0,175.0,3,Medium (2-3/qtr),72.6,High,63.7,82.6,41.0,Low ($0-50),31.7,7.0,Mid (6-15 yrs)
PHY100040,"White Space (High Potential, Under-Engaged)",Primary Care,Northeast,1 - Preferred (low copay),Not adopted,3.8,0,153.0,6.0,147.0,3,Medium (2-3/qtr),25.8,Low,42.6,58.1,25.0,Low ($0-50),29.4,14.0,Mid (6-15 yrs)
PHY100041,Advocates (High Adopters),Internal Medicine,West,2 - Standard,Not adopted,5.8,0,239.0,14.0,225.0,7,High (4+/qtr),27.1,Low,55.9,55.2,99.0,Medium ($50-100),55.5,22.0,Senior (16+ yrs)
PHY100042,Access-Constrained,Primary Care,South,2 - Standard,Not adopted,13.3,0,197.0,26.0,171.0,2,Medium (2-3/qtr),27.5,Low,53.8,52.5,84.0,Medium ($50-100),33.4,23.0,Senior (16+ yrs)
PHY100043,"White Space (High Potential, Under-Engaged)",Endocrinology,Midwest,2 - Standard,Not adopted,4.1,0,138.0,6.0,132.0,0,Low (0-1/qtr),42.1,Medium,62.0,84.8,49.0,Low ($0-50),54.6,4.0,Early (0-5 yrs)
PHY100044,Access-Constrained,Internal Medicine,Northeast,2 - Standard,Not adopted,3.0,0,128.0,4.0,124.0,1,Low (0-1/qtr),23.0,Low,62.1,21.3,96.0,Medium ($50-100),44.4,12.0,Mid (6-15 yrs)
PHY100045,Access-Constrained,Internal Medicine,West,3 - Restricted (high copay),Not adopted,0.7,0,81.0,1.0,80.0,4,High (4+/qtr),48.9,Medium,0.0,86.8,103.0,High ($100+),32.9,24.0,Senior (16+ yrs)
PHY100046,"White Space (High Potential, Under-Engaged)",Endocrinology,Midwest,1 - Preferred (low copay),Not adopted,10.1,0,197.0,20.0,177.0,3,Medium (2-3/qtr),46.4,Medium,45.2,46.3,73.0,Medium ($50-100),45.2,18.0,Senior (16+ yrs)
PHY100047,Access-Constrained,Endocrinology,South,2 - Standard,Not adopted,4.9,0,159.0,8.0,151.0,2,Medium (2-3/qtr),32.7,Low,60.4,21.9,96.0,Medium ($50-100),42.8,15.0,Mid (6-15 yrs)
PHY100048,"White Space (High Potential, Under-Engaged)",Primary Care,Northeast,2 - Standard,Not adopted,22.2,0,38.0,8.0,30.0,3,Medium (2-3/qtr),69.2,High,41.8,35.0,70.0,Medium ($50-100),53.3,12.0,Mid (6-15 yrs)
PHY100049,Advocates (High Adopters),Cardiology,West,2 - Standard,Not adopted,26.0,0,148.0,38.0,110.0,4,High (4+/qtr),48.7,Medium,50.7,17.0,101.0,High ($100+),29.8,11.0,Mid (6-15 yrs)
PHY100050,Access-Constrained,Cardiology,Northeast,3 - Restricted (high copay),Adopted,9.1,1,126.0,11.0,115.0,4,High (4+/qtr),73.4,High,65.0,63.1,98.0,Medium ($50-100),38.6,16.0,Senior (16+ yrs)
PHY100051,"White Space (High Potential, Under-Engaged)",Cardiology,Northeast,1 - Preferred (low copay),Adopted,17.4,1,275.0,48.0,227.0,1,Low (0-1/qtr),45.7,Medium,51.6,29.2,49.0,Low ($0-50),37.1,12.0,Mid (6-15 yrs)
PHY100052,"White Space (High Potential, Under-Engaged)",Primary Care,West,2 - Standard,Not adopted,6.4,0,78.0,5.0,73.0,1,Low (0-1/qtr),49.5,Medium,80.2,53.4,72.0,Medium ($50-100),48.6,14.0,Mid (6-15 yrs)
PHY100053,Access-Constrained,Primary Care,West,2 - Standard,Not adopted,8.4,0,94.0,8.0,86.0,3,Medium (2-3/qtr),37.6,Medium,72.5,72.7,113.0,High ($100+),22.6,15.0,Mid (6-15 yrs)
PHY100054,Access-Constrained,Primary Care,Northeast,3 - Restricted (high copay),Not adopted,2.4,0,247.0,6.0,241.0,2,Medium (2-3/qtr),49.8,Medium,47.6,36.6,103.0,High ($100+),53.3,9.0,Mid (6-15 yrs)
PHY100055,Access-Constrained,Primary Care,South,2 - Standard,Not adopted,0.8,0,261.0,2.0,259.0,2,Medium (2-3/qtr),65.7,Medium,46.0,44.6,119.0,High ($100+),45.0,18.0,Senior (16+ yrs)
PHY100056,Access-Constrained,Primary Care,South,2 - Standard,Not adopted,5.4,0,135.0,7.0,128.0,4,High (4+/qtr),41.0,Medium,0.0,23.9,130.0,High ($100+),18.2,34.0,Senior (16+ yrs)
PHY100057,Access-Constrained,Primary Care,West,3 - Restricted (high copay),Not adopted,2.3,0,142.0,3.0,139.0,2,Medium (2-3/qtr),61.4,Medium,43.5,42.2,92.0,Medium ($50-100),56.1,2.0,Early (0-5 yrs)
PHY100058,Access-Constrained,Cardiology,Midwest,3 - Restricted (high copay),Not adopted,0.9,0,217.0,2.0,215.0,2,Medium (2-3/qtr),32.1,Low,22.9,100.0,37.0,Low ($0-50),71.5,16.0,Senior (16+ yrs)
PHY100059,Access-Constrained,Cardiology,South,2 - Standard,Not adopted,18.6,0,40.0,7.0,33.0,5,High (4+/qtr),66.7,High,54.4,65.6,111.0,High ($100+),53.0,9.0,Mid (6-15 yrs)
PHY100060,Access-Constrained,Primary Care,South,3 - Restricted (high copay),Not adopted,2.3,0,68.0,2.0,66.0,3,Medium (2-3/qtr),37.2,Medium,53.1,44.7,101.0,High ($100+),59.4,18.0,Senior (16+ yrs)
PHY100061,Advocates (High Adopters),Primary Care,South,1 - Preferred (low copay),Adopted,51.6,1,163.0,84.0,79.0,7,High (4+/qtr),68.7,High,63.9,37.8,38.0,Low ($0-50),39.3,14.0,Mid (6-15 yrs)
PHY100062,"White Space (High Potential, Under-Engaged)",Primary Care,West,2 - Standard,Not adopted,9.0,0,273.0,25.0,248.0,0,Low (0-1/qtr),51.3,Medium,77.9,49.1,70.0,Medium ($50-100),13.1,19.0,Senior (16+ yrs)
PHY100063,Access-Constrained,Primary Care,South,3 - Restricted (high copay),Not adopted,2.9,0,154.0,4.0,150.0,3,Medium (2-3/qtr),83.5,High,49.5,52.6,100.0,Medium ($50-100),10.3,22.0,Senior (16+ yrs)
PHY100064,Access-Constrained,Primary Care,Northeast,2 - Standard,Not adopted,10.0,0,186.0,19.0,167.0,3,Medium (2-3/qtr),24.6,Low,95.6,41.6,117.0,High ($100+),41.8,15.0,Mid (6-15 yrs)
PHY100065,Advocates (High Adopters),Primary Care,West,2 - Standard,Not adopted,5.5,0,248.0,14.0,234.0,4,High (4+/qtr),17.5,Low,54.6,60.6,89.0,Medium ($50-100),29.1,22.0,Senior (16+ yrs)
PHY100066,Access-Constrained,Primary Care,West,3 - Restricted (high copay),Not adopted,0.5,0,306.0,2.0,304.0,2,Medium (2-3/qtr),36.4,Medium,23.8,30.9,142.0,High ($100+),24.3,1.0,Early (0-5 yrs)
PHY100067,Access-Constrained,Endocrinology,West,3 - Restricted (high copay),Not adopted,1.3,0,145.0,2.0,143.0,3,Medium (2-3/qtr),19.5,Low,38.8,30.8,122.0,High ($100+),37.1,25.0,Senior (16+ yrs)
PHY100068,Access-Constrained,Cardiology,Northeast,3 - Restricted (high copay),Not adopted,2.5,0,179.0,4.0,175.0,2,Medium (2-3/qtr),19.6,Low,42.5,57.4,102.0,High ($100+),47.2,17.0,Senior (16+ yrs)
PHY100069,Advocates (High Adopters),Primary Care,Northeast,2 - Standard,Not adopted,13.8,0,289.0,40.0,249.0,4,High (4+/qtr),63.7,Medium,61.8,26.6,75.0,Medium ($50-100),16.2,22.0,Senior (16+ yrs)
PHY100070,Access-Constrained,Cardiology,South,3 - Restricted (high copay),Not adopted,1.4,0,89.0,1.0,88.0,1,Low (0-1/qtr),49.9,Medium,31.1,64.6,124.0,High ($100+),31.3,5.0,Early (0-5 yrs)
PHY100071,"White Space (High Potential, Under-Engaged)",Primary Care,Northeast,1 - Preferred (low copay),Not adopted,4.2,0,242.0,10.0,232.0,3,Medium (2-3/qtr),39.4,Medium,44.0,49.7,81.0,Medium ($50-100),60.6,8.0,Mid (6-15 yrs)
PHY100072,Access-Constrained,Internal Medicine,West,2 - Standard,Not adopted,5.6,0,119.0,7.0,112.0,0,Low (0-1/qtr),41.5,Medium,46.8,13.4,110.0,High ($100+),21.9,15.0,Mid (6-15 yrs)
PHY100073,Advocates (High Adopters),Endocrinology,Midwest,2 - Standard,Not adopted,2.2,0,186.0,4.0,182.0,4,High (4+/qtr),36.9,Medium,41.0,52.2,78.0,Medium ($50-100),51.0,14.0,Mid (6-15 yrs)
PHY100074,Access-Constrained,Cardiology,South,3 - Restricted (high copay),Not adopted,22.2,0,165.0,37.0,128.0,6,High (4+/qtr),86.3,High,66.2,16.3,114.0,High ($100+),30.7,16.0,Senior (16+ yrs)
PHY100075,Access-Constrained,Endocrinology,West,3 - Restricted (high copay),Not adopted,2.3,0,123.0,3.0,120.0,2,Medium (2-3/qtr),33.8,Medium,62.8,63.9,125.0,High ($100+),46.2,22.0,Senior (16+ yrs)
PHY100076,Access-Constrained,Endocrinology,Midwest,2 - Standard,Not adopted,5.1,0,121.0,6.0,115.0,1,Low (0-1/qtr),20.9,Low,73.3,45.0,75.0,Medium ($50-100),54.5,2.0,Early (0-5 yrs)
PHY100077,"White Space (High Potential, Under-Engaged)",Primary Care,Midwest,2 - Standard,Not adopted,3.5,0,197.0,7.0,190.0,0,Low (0-1/qtr),67.5,High,43.4,87.0,57.0,Medium ($50-100),49.1,21.0,Senior (16+ yrs)
PHY100078,"White Space (High Potential, Under-Engaged)",Primary Care,South,2 - Standard,Not adopted,13.6,0,240.0,33.0,207.0,3,Medium (2-3/qtr),45.3,Medium,74.1,71.4,65.0,Medium ($50-100),51.6,14.0,Mid (6-15 yrs)
PHY100079,Access-Constrained,Primary Care,South,2 - Standard,Not adopted,28.2,0,172.0,49.0,123.0,3,Medium (2-3/qtr),94.9,High,22.7,28.8,79.0,Medium ($50-100),20.7,13.0,Mid (6-15 yrs)
PHY100080,Access-Constrained,Primary Care,Midwest,2 - Standard,Not adopted,5.5,0,184.0,10.0,174.0,4,High (4+/qtr),38.4,Medium,22.2,9.6,102.0,High ($100+),54.7,4.0,Early (0-5 yrs)
PHY100081,Advocates (High Adopters),Primary Care,South,1 - Preferred (low copay),Adopted,10.8,1,214.0,23.0,191.0,4,High (4+/qtr),68.6,High,25.7,34.9,91.0,Medium ($50-100),25.2,18.0,Senior (16+ yrs)
PHY100082,"White Space (High Potential, Under-Engaged)",Internal Medicine,West,2 - Standard,Not adopted,11.7,0,122.0,14.0,108.0,1,Low (0-1/qtr),73.8,High,50.2,25.6,51.0,Medium ($50-100),41.9,1.0,Early (0-5 yrs)
PHY100083,Access-Constrained,Cardiology,South,3 - Restricted (high copay),Not adopted,2.8,0,224.0,6.0,218.0,1,Low (0-1/qtr),38.5,Medium,74.0,86.5,95.0,Medium ($50-100),41.9,19.0,Senior (16+ yrs)
PHY100084,Advocates (High Adopters),Cardiology,Northeast,2 - Standard,Not adopted,6.2,0,229.0,14.0,215.0,4,High (4+/qtr),33.7,Medium,38.0,49.8,76.0,Medium ($50-100),45.3,4.0,Early (0-5 yrs)
PHY100085,Access-Constrained,Cardiology,Midwest,3 - Restricted (high copay),Not adopted,3.0,0,336.0,10.0,326.0,1,Low (0-1/qtr),66.3,High,40.5,68.7,130.0,High ($100+),43.1,14.0,Mid (6-15 yrs)
PHY100086,"White Space (High Potential, Under-Engaged)",Primary Care,Midwest,2 - Standard,Not adopted,8.2,0,157.0,13.0,144.0,1,Low (0-1/qtr),62.6,Medium,45.7,44.3,72.0,Medium ($50-100),25.3,13.0,Mid (6-15 yrs)
PHY100087,Advocates (High Adopters),Primary Care,Northeast,2 - Standard,Not adopted,7.3,0,153.0,11.0,142.0,5,High (4+/qtr),19.0,Low,61.5,46.4,74.0,Medium ($50-100),17.8,22.0,Senior (16+ yrs)
PHY100088,Advocates (High Adopters),Cardiology,Northeast,1 - Preferred (low copay),Not adopted,23.5,0,226.0,53.0,173.0,6,High (4+/qtr),25.2,Low,40.4,49.3,25.0,Low ($0-50),51.1,13.0,Mid (6-15 yrs)
PHY100089,Access-Constrained,Primary Care,South,2 - Standard,Not adopted,1.1,0,229.0,3.0,226.0,1,Low (0-1/qtr),0.0,Low,39.3,72.1,97.0,Medium ($50-100),40.8,9.0,Mid (6-15 yrs)
PHY100090,Access-Constrained,Cardiology,Midwest,2 - Standard,Not adopted,6.7,0,148.0,10.0,138.0,2,Medium (2-3/qtr),63.1,Medium,23.1,56.2,81.0,Medium ($50-100),55.2,10.0,Mid (6-15 yrs)
PHY100091,"White Space (High Potential, Under-Engaged)",Primary Care,West,1 - Preferred (low copay),Not adopted,7.1,0,156.0,11.0,145.0,0,Low (0-1/qtr),44.2,Medium,38.6,28.9,44.0,Low ($0-50),37.3,23.0,Senior (16+ yrs)
PHY100092,"White Space (High Potential, Under-Engaged)",Primary Care,Midwest,1 - Preferred (low copay),Not adopted,4.7,0,212.0,10.0,202.0,1,Low (0-1/qtr),46.4,Medium,73.5,82.5,54.0,Medium ($50-100),16.9,18.0,Senior (16+ yrs)
PHY100093,Access-Constrained,Endocrinology,Northeast,2 - Standard,Not adopted,1.2,0,130.0,2.0,128.0,1,Low (0-1/qtr),12.8,Low,51.8,44.1,113.0,High ($100+),52.5,11.0,Mid (6-15 yrs)
PHY100094,Advocates (High Adopters),Endocrinology,South,2 - Standard,Not adopted,5.0,0,155.0,8.0,147.0,4,High (4+/qtr),25.8,Low,35.2,40.9,60.0,Medium ($50-100),32.4,12.0,Mid (6-15 yrs)
PHY100095,"White Space (High Potential, Under-Engaged)",Primary Care,West,2 - Standard,Not adopted,17.3,0,185.0,32.0,153.0,2,Medium (2-3/qtr),39.5,Medium,74.7,0.0,64.0,Medium ($50-100),43.1,3.0,Early (0-5 yrs)
PHY100096,"White Space (High Potential, Under-Engaged)",Endocrinology,Midwest,1 - Preferred (low copay),Not adopted,5.8,0,240.0,14.0,226.0,1,Low (0-1/qtr),35.2,Medium,38.3,62.7,91.0,Medium ($50-100),28.3,17.0,Senior (16+ yrs)
PHY100097,Access-Constrained,Cardiology,Northeast,2 - Standard,Not adopted,4.0,0,144.0,6.0,138.0,2,Medium (2-3/qtr),52.6,Medium,78.4,52.0,87.0,Medium ($50-100),62.7,2.0,Early (0-5 yrs)
PHY100098,Access-Constrained,Cardiology,Northeast,2 - Standard,Not adopted,10.4,0,69.0,7.0,62.0,1,Low (0-1/qtr),62.8,Medium,78.1,52.0,102.0,High ($100+),24.9,19.0,Senior (16+ yrs)
PHY100099,Access-Constrained,Internal Medicine,South,2 - Standard,Adopted,19.7,1,65.0,13.0,52.0,2,Medium (2-3/qtr),99.9,High,51.1,41.9,95.0,Medium ($50-100),32.9,15.0,Mid (6-15 yrs)
PHY100100,Access-Constrained,Internal Medicine,South,2 - Standard,Not adopted,1.9,0,104.0,2.0,102.0,1,Low (0-1/qtr),49.6,Medium,20.0,38.5,84.0,Medium ($50-100),39.6,31.0,Senior (16+ yrs)
PHY100101,Advocates (High Adopters),Primary Care,Midwest,1 - Preferred (low copay),Adopted,64.5,1,101.0,65.0,36.0,6,High (4+/qtr),74.5,High,95.8,42.6,51.0,Medium ($50-100),21.6,6.0,Mid (6-15 yrs)
PHY100102,Access-Constrained,Endocrinology,Northeast,3 - Restricted (high copay),Not adopted,1.2,0,171.0,2.0,169.0,1,Low (0-1/qtr),31.7,Low,57.7,59.3,131.0,High ($100+),43.0,13.0,Mid (6-15 yrs)
PHY100103,Access-Constrained,Internal Medicine,South,1 - Preferred (low copay),Not adopted,1.3,0,109.0,1.0,108.0,2,Medium (2-3/qtr),13.2,Low,43.5,62.8,89.0,Medium ($50-100),62.2,27.0,Senior (16+ yrs)
PHY100104,Access-Constrained,Primary Care,West,2 - Standard,Not adopted,6.1,0,138.0,8.0,130.0,2,Medium (2-3/qtr),42.2,Medium,69.1,45.4,112.0,High ($100+),30.6,22.0,Senior (16+ yrs)
PHY100105,"White Space (High Potential, Under-Engaged)",Primary Care,South,1 - Preferred (low copay),Not adopted,11.1,0,134.0,15.0,119.0,3,Medium (2-3/qtr),14.9,Low,64.0,69.0,30.0,Low ($0-50),43.9,9.0,Mid (6-15 yrs)
PHY100106,Access-Constrained,Primary Care,South,2 - Standard,Not adopted,4.9,0,154.0,8.0,146.0,2,Medium (2-3/qtr),50.3,Medium,76.2,48.4,118.0,High ($100+),5.0,16.0,Senior (16+ yrs)
PHY100107,Advocates (High Adopters),Endocrinology,Northeast,1 - Preferred (low copay),Not adopted,20.6,0,259.0,53.0,206.0,5,High (4+/qtr),32.8,Low,36.8,39.9,51.0,Medium ($50-100),37.4,14.0,Mid (6-15 yrs)
PHY100108,Access-Constrained,Cardiology,Midwest,3 - Restricted (high copay),Not adopted,2.7,0,220.0,6.0,214.0,3,Medium (2-3/qtr),7.0,Low,56.4,54.0,91.0,Medium ($50-100),33.3,16.0,Senior (16+ yrs)
PHY100109,Access-Constrained,Internal Medicine,Midwest,2 - Standard,Not adopted,8.2,0,181.0,15.0,166.0,3,Medium (2-3/qtr),88.2,High,26.3,22.8,81.0,Medium ($50-100),25.7,9.0,Mid (6-15 yrs)
PHY100110,Advocates (High Adopters),Primary Care,South,2 - Standard,Not adopted,2.6,0,152.0,4.0,148.0,8,High (4+/qtr),38.2,Medium,63.3,54.7,106.0,High ($100+),54.2,13.0,Mid (6-15 yrs)
PHY100111,Advocates (High Adopters),Cardiology,West,1 - Preferred (low copay),Not adopted,7.9,0,154.0,12.0,142.0,4,High (4+/qtr),14.0,Low,49.5,19.2,74.0,Medium ($50-100),33.1,3.0,Early (0-5 yrs)
PHY100112,"White Space (High Potential, Under-Engaged)",Endocrinology,West,1 - Preferred (low copay),Adopted,48.4,1,200.0,97.0,103.0,4,High (4+/qtr),69.8,High,55.6,29.4,54.0,Medium ($50-100),35.3,15.0,Mid (6-15 yrs)
PHY100113,Access-Constrained,Primary Care,West,2 - Standard,Not adopted,2.4,0,215.0,5.0,210.0,2,Medium (2-3/qtr),34.0,Medium,47.1,9.6,106.0,High ($100+),32.3,17.0,Senior (16+ yrs)
PHY100114,Access-Constrained,Cardiology,West,2 - Standard,Not adopted,12.3,0,126.0,15.0,111.0,3,Medium (2-3/qtr),74.0,High,45.0,46.5,88.0,Medium ($50-100),9.2,12.0,Mid (6-15 yrs)
PHY100115,Advocates (High Adopters),Internal Medicine,West,2 - Standard,Not adopted,7.3,0,182.0,13.0,169.0,6,High (4+/qtr),33.9,Medium,32.6,82.2,71.0,Medium ($50-100),21.0,3.0,Early (0-5 yrs)
PHY100116,Access-Constrained,Primary Care,Northeast,3 - Restricted (high copay),Not adopted,1.3,0,58.0,1.0,57.0,2,Medium (2-3/qtr),38.1,Medium,65.8,47.7,92.0,Medium ($50-100),52.4,21.0,Senior (16+ yrs)
PHY100117,Access-Constrained,Primary Care,Northeast,2 - Standard,Adopted,8.9,1,193.0,17.0,176.0,2,Medium (2-3/qtr),57.6,Medium,79.8,62.9,95.0,Medium ($50-100),6.4,17.0,Senior (16+ yrs)
PHY100118,Access-Constrained,Primary Care,Midwest,3 - Restricted (high copay),Not adopted,2.9,0,226.0,7.0,219.0,3,Medium (2-3/qtr),63.1,Medium,38.9,97.0,108.0,High ($100+),26.5,9.0,Mid (6-15 yrs)
PHY100119,"White Space (High Potential, Under-Engaged)",Primary Care,South,1 - Preferred (low copay),Not adopted,17.6,0,163.0,29.0,134.0,2,Medium (2-3/qtr),66.9,High,61.1,58.1,26.0,Low ($0-50),32.0,12.0,Mid (6-15 yrs)
PHY100120,Access-Constrained,Primary Care,Northeast,3 - Restricted (high copay),Not adopted,1.4,0,289.0,4.0,285.0,3,Medium (2-3/qtr),48.0,Medium,58.6,34.7,131.0,High ($100+),64.2,3.0,Early (0-5 yrs)
PHY100121,"White Space (High Potential, Under-Engaged)",Primary Care,West,2 - Standard,Not adopted,5.9,0,127.0,7.0,120.0,0,Low (0-1/qtr),61.6,Medium,50.2,37.4,73.0,Medium ($50-100),49.5,7.0,Mid (6-15 yrs)
PHY100122,Access-Constrained,Cardiology,South,2 - Standard,Not adopted,5.9,0,193.0,11.0,182.0,3,Medium (2-3/qtr),66.4,High,19.5,50.0,125.0,High ($100+),29.6,10.0,Mid (6-15 yrs)
PHY100123,Access-Constrained,Primary Care,South,3 - Restricted (high copay),Not adopted,4.3,0,178.0,8.0,170.0,2,Medium (2-3/qtr),54.4,Medium,24.0,37.3,75.0,Medium ($50-100),57.6,23.0,Senior (16+ yrs)
PHY100124,Access-Constrained,Cardiology,Northeast,2 - Standard,Not adopted,6.2,0,174.0,11.0,163.0,1,Low (0-1/qtr),46.9,Medium,34.4,38.8,80.0,Medium ($50-100),26.9,10.0,Mid (6-15 yrs)
PHY100125,Access-Constrained,Primary Care,Midwest,3 - Restricted (high copay),Not adopted,0.3,0,173.0,1.0,172.0,5,High (4+/qtr),18.2,Low,7.2,69.7,93.0,Medium ($50-100),53.1,18.0,Senior (16+ yrs)
PHY100126,"White Space (High Potential, Under-Engaged)",Endocrinology,Northeast,2 - Standard,Not adopted,7.8,0,186.0,15.0,171.0,1,Low (0-1/qtr),63.2,Medium,78.2,70.5,61.0,Medium ($50-100),17.6,10.0,Mid (6-15 yrs)
PHY100127,Advocates (High Adopters),Cardiology,West,1 - Preferred (low copay),Adopted,43.5,1,231.0,100.0,131.0,5,High (4+/qtr),50.9,Medium,57.4,17.1,48.0,Low ($0-50),54.1,16.0,Senior (16+ yrs)
PHY100128,Access-Constrained,Cardiology,South,2 - Standard,Not adopted,2.1,0,263.0,6.0,257.0,1,Low (0-1/qtr),40.9,Medium,49.4,33.6,129.0,High ($100+),31.9,13.0,Mid (6-15 yrs)
PHY100129,Access-Constrained,Primary Care,South,2 - Standard,Not adopted,3.1,0,180.0,6.0,174.0,3,Medium (2-3/qtr),78.1,High,6.2,40.7,89.0,Medium ($50-100),22.6,20.0,Senior (16+ yrs)
PHY100130,Access-Constrained,Cardiology,Midwest,3 - Restricted (high copay),Not adopted,0.7,0,229.0,2.0,227.0,6,High (4+/qtr),18.6,Low,13.5,62.0,90.0,Medium ($50-100),34.7,10.0,Mid (6-15 yrs)
PHY100131,Access-Constrained,Internal Medicine,Midwest,3 - Restricted (high copay),Not adopted,10.6,0,138.0,15.0,123.0,5,High (4+/qtr),86.2,High,50.0,72.9,64.0,Medium ($50-100),42.2,3.0,Early (0-5 yrs)
PHY100132,"White Space (High Potential, Under-Engaged)",Primary Care,Midwest,1 - Preferred (low copay),Not adopted,8.6,0,226.0,19.0,207.0,2,Medium (2-3/qtr),49.5,Medium,89.4,100.0,17.0,Low ($0-50),30.6,4.0,Early (0-5 yrs)
PHY100133,"White Space (High Potential, Under-Engaged)",Endocrinology,South,1 - Preferred (low copay),Adopted,28.6,1,134.0,38.0,96.0,4,High (4+/qtr),57.0,Medium,36.0,40.7,47.0,Low ($0-50),46.3,10.0,Mid (6-15 yrs)
PHY100134,"White Space (High Potential, Under-Engaged)",Primary Care,South,1 - Preferred (low copay),Not adopted,6.8,0,245.0,17.0,228.0,3,Medium (2-3/qtr),41.3,Medium,67.3,41.7,44.0,Low ($0-50),29.3,5.0,Early (0-5 yrs)
PHY100135,Access-Constrained,Cardiology,Northeast,2 - Standard,Not adopted,2.8,0,313.0,9.0,304.0,1,Low (0-1/qtr),13.3,Low,40.4,61.8,79.0,Medium ($50-100),47.3,17.0,Senior (16+ yrs)
PHY100136,"White Space (High Potential, Under-Engaged)",Internal Medicine,West,1 - Preferred (low copay),Not adopted,15.7,0,173.0,27.0,146.0,4,High (4+/qtr),46.9,Medium,51.1,36.4,5.0,Low ($0-50),44.6,11.0,Mid (6-15 yrs)
PHY100137,Access-Constrained,Primary Care,Northeast,2 - Standard,Adopted,9.2,1,48.0,4.0,44.0,2,Medium (2-3/qtr),57.4,Medium,74.3,47.2,83.0,Medium ($50-100),37.1,31.0,Senior (16+ yrs)
PHY100138,Access-Constrained,Primary Care,West,2 - Standard,Not adopted,14.8,0,147.0,22.0,125.0,3,Medium (2-3/qtr),64.9,Medium,43.1,41.7,111.0,High ($100+),31.4,2.0,Early (0-5 yrs)
PHY100139,Access-Constrained,Cardiology,Northeast,3 - Restricted (high copay),Not adopted,4.6,0,254.0,12.0,242.0,2,Medium (2-3/qtr),45.6,Medium,36.2,0.0,151.0,High ($100+),40.3,15.0,Mid (6-15 yrs)
PHY100140,Advocates (High Adopters),Primary Care,Midwest,1 - Preferred (low copay),Not adopted,17.4,0,213.0,37.0,176.0,5,High (4+/qtr),1.8,Low,78.4,52.5,13.0,Low ($0-50),46.3,6.0,Mid (6-15 yrs)
PHY100141,Access-Constrained,Primary Care,West,2 - Standard,Not adopted,15.8,0,195.0,31.0,164.0,3,Medium (2-3/qtr),16.1,Low,50.9,46.4,65.0,Medium ($50-100),68.9,11.0,Mid (6-15 yrs)
PHY100142,"White Space (High Potential, Under-Engaged)",Internal Medicine,Northeast,1 - Preferred (low copay),Not adopted,14.3,0,241.0,34.0,207.0,1,Low (0-1/qtr),95.1,High,71.8,75.4,39.0,Low ($0-50),52.1,15.0,Mid (6-15 yrs)
PHY100143,Access-Constrained,Primary Care,Midwest,3 - Restricted (high copay),Not adopted,1.4,0,209.0,3.0,206.0,3,Medium (2-3/qtr),26.0,Low,36.3,50.1,114.0,High ($100+),52.6,1.0,Early (0-5 yrs)
PHY100144,"White Space (High Potential, Under-Engaged)",Primary Care,Midwest,1 - Preferred (low copay),Not adopted,19.5,0,253.0,49.0,204.0,3,Medium (2-3/qtr),81.4,High,78.1,24.9,30.0,Low ($0-50),84.3,16.0,Senior (16+ yrs)
PHY100145,Access-Constrained,Endocrinology,Midwest,1 - Preferred (low copay),Not adopted,6.5,0,235.0,15.0,220.0,2,Medium (2-3/qtr),29.5,Low,55.5,44.8,102.0,High ($100+),45.7,27.0,Senior (16+ yrs)
PHY100146,"White Space (High Potential, Under-Engaged)",Endocrinology,South,1 - Preferred (low copay),Not adopted,17.1,0,271.0,46.0,225.0,2,Medium (2-3/qtr),46.0,Medium,58.7,8.2,61.0,Medium ($50-100),45.3,11.0,Mid (6-15 yrs)
PHY100147,Access-Constrained,Primary Care,West,3 - Restricted (high copay),Not adopted,4.2,0,202.0,8.0,194.0,2,Medium (2-3/qtr),63.8,Medium,52.6,25.8,107.0,High ($100+),48.6,16.0,Senior (16+ yrs)
PHY100148,Access-Constrained,Primary Care,West,1 - Preferred (low copay),Not adopted,2.6,0,234.0,6.0,228.0,3,Medium (2-3/qtr),32.0,Low,39.9,62.7,100.0,Medium ($50-100),22.9,21.0,Senior (16+ yrs)
PHY100149,Access-Constrained,Cardiology,Midwest,2 - Standard,Not adopted,13.5,0,162.0,22.0,140.0,2,Medium (2-3/qtr),85.0,High,50.0,45.1,85.0,Medium ($50-100),31.3,13.0,Mid (6-15 yrs)
PHY100150,Advocates (High Adopters),Internal Medicine,South,2 - Standard,Not adopted,12.4,0,144.0,18.0,126.0,7,High (4+/qtr),51.7,Medium,41.1,68.5,95.0,Medium ($50-100),30.4,10.0,Mid (6-15 yrs)
PHY100151,Access-Constrained,Internal Medicine,Midwest,3 - Restricted (high copay),Not adopted,8.9,0,282.0,25.0,257.0,3,Medium (2-3/qtr),60.1,Medium,69.2,10.7,91.0,Medium ($50-100),47.7,1.0,Early (0-5 yrs)
PHY100152,"White Space (High Potential, Under-Engaged)",Cardiology,Midwest,1 - Preferred (low copay),Not adopted,25.9,0,193.0,50.0,143.0,3,Medium (2-3/qtr),44.1,Medium,45.9,45.2,26.0,Low ($0-50),35.4,18.0,Senior (16+ yrs)
PHY100153,Advocates (High Adopters),Primary Care,Northeast,1 - Preferred (low copay),Not adopted,16.8,0,228.0,38.0,190.0,5,High (4+/qtr),64.5,Medium,20.1,40.5,45.0,Low ($0-50),40.1,13.0,Mid (6-15 yrs)
PHY100154,Access-Constrained,Cardiology,West,2 - Standard,Not adopted,1.3,0,187.0,2.0,185.0,4,High (4+/qtr),84.7,High,16.4,69.1,140.0,High ($100+),54.3,7.0,Mid (6-15 yrs)
PHY100155,Advocates (High Adopters),Primary Care,West,1 - Preferred (low copay),Not adopted,2.5,0,145.0,4.0,141.0,4,High (4+/qtr),47.1,Medium,15.5,63.5,76.0,Medium ($50-100),50.9,15.0,Mid (6-15 yrs)
PHY100156,Access-Constrained,Endocrinology,South,2 - Standard,Not adopted,12.1,0,181.0,22.0,159.0,2,Medium (2-3/qtr),88.1,High,62.4,62.8,92.0,Medium ($50-100),35.6,10.0,Mid (6-15 yrs)
PHY100157,Access-Constrained,Primary Care,South,2 - Standard,Not adopted,2.0,0,266.0,5.0,261.0,1,Low (0-1/qtr),36.5,Medium,27.0,80.8,61.0,Medium ($50-100),28.0,10.0,Mid (6-15 yrs)
PHY100158,Access-Constrained,Primary Care,South,2 - Standard,Not adopted,9.1,0,213.0,19.0,194.0,1,Low (0-1/qtr),66.8,High,56.0,42.6,108.0,High ($100+),55.0,18.0,Senior (16+ yrs)
PHY100159,"White Space (High Potential, Under-Engaged)",Primary Care,South,1 - Preferred (low copay),Not adopted,7.8,0,77.0,6.0,71.0,1,Low (0-1/qtr),60.8,Medium,52.7,76.7,26.0,Low ($0-50),49.6,5.0,Early (0-5 yrs)
PHY100160,Advocates (High Adopters),Cardiology,South,2 - Standard,Not adopted,11.7,0,167.0,20.0,147.0,3,Medium (2-3/qtr),26.5,Low,48.7,29.1,46.0,Low ($0-50),13.9,21.0,Senior (16+ yrs)
PHY100161,"White Space (High Potential, Under-Engaged)",Internal Medicine,Midwest,1 - Preferred (low copay),Not adopted,16.5,0,287.0,47.0,240.0,2,Medium (2-3/qtr),54.7,Medium,58.8,28.4,46.0,Low ($0-50),33.3,4.0,Early (0-5 yrs)
PHY100162,Access-Constrained,Endocrinology,Northeast,2 - Standard,Not adopted,4.4,0,167.0,7.0,160.0,3,Medium (2-3/qtr),50.2,Medium,53.2,65.1,134.0,High ($100+),40.5,9.0,Mid (6-15 yrs)
PHY100163,Access-Constrained,Cardiology,Northeast,1 - Preferred (low copay),Not adopted,3.8,0,72.0,3.0,69.0,4,High (4+/qtr),31.2,Low,0.0,19.9,107.0,High ($100+),49.7,27.0,Senior (16+ yrs)
PHY100164,Access-Constrained,Primary Care,West,3 - Restricted (high copay),Not adopted,1.0,0,294.0,3.0,291.0,0,Low (0-1/qtr),57.9,Medium,43.5,61.5,99.0,Medium ($50-100),51.7,22.0,Senior (16+ yrs)
PHY100165,Advocates (High Adopters),Endocrinology,South,2 - Standard,Not adopted,15.7,0,221.0,35.0,186.0,5,High (4+/qtr),53.2,Medium,58.5,52.0,68.0,Medium ($50-100),42.3,15.0,Mid (6-15 yrs)
PHY100166,"White Space (High Potential, Under-Engaged)",Internal Medicine,West,1 - Preferred (low copay),Not adopted,44.7,0,176.0,79.0,97.0,4,High (4+/qtr),48.4,Medium,82.8,71.4,19.0,Low ($0-50),46.8,7.0,Mid (6-15 yrs)
PHY100167,Advocates (High Adopters),Internal Medicine,Northeast,1 - Preferred (low copay),Not adopted,23.1,0,158.0,36.0,122.0,4,High (4+/qtr),48.5,Medium,83.7,48.8,62.0,Medium ($50-100),39.0,10.0,Mid (6-15 yrs)
PHY100168,Access-Constrained,Endocrinology,South,2 - Standard,Not adopted,1.3,0,245.0,3.0,242.0,0,Low (0-1/qtr),48.0,Medium,22.7,51.1,89.0,Medium ($50-100),27.9,15.0,Mid (6-15 yrs)
PHY100169,"White Space (High Potential, Under-Engaged)",Internal Medicine,Northeast,1 - Preferred (low copay),Not adopted,7.4,0,147.0,11.0,136.0,1,Low (0-1/qtr),41.9,Medium,43.0,60.2,80.0,Medium ($50-100),34.1,14.0,Mid (6-15 yrs)
PHY100170,"White Space (High Potential, Under-Engaged)",Endocrinology,Midwest,1 - Preferred (low copay),Not adopted,1.6,0,249.0,4.0,245.0,2,Medium (2-3/qtr),53.1,Medium,18.7,36.7,83.0,Medium ($50-100),38.3,13.0,Mid (6-15 yrs)
PHY100171,Access-Constrained,Primary Care,Northeast,3 - Restricted (high copay),Not adopted,4.3,0,213.0,9.0,204.0,3,Medium (2-3/qtr),35.8,Medium,80.4,35.9,105.0,High ($100+),37.5,14.0,Mid (6-15 yrs)
PHY100172,Access-Constrained,Endocrinology,Northeast,2 - Standard,Not adopted,18.1,0,195.0,35.0,160.0,2,Medium (2-3/qtr),100.0,High,70.3,59.5,99.0,Medium ($50-100),9.7,12.0,Mid (6-15 yrs)
PHY100173,"White Space (High Potential, Under-Engaged)",Internal Medicine,West,1 - Preferred (low copay),Not adopted,18.2,0,189.0,34.0,155.0,3,Medium (2-3/qtr),19.0,Low,57.0,49.4,42.0,Low ($0-50),32.0,4.0,Early (0-5 yrs)
PHY100174,Access-Constrained,Cardiology,Midwest,2 - Standard,Not adopted,5.7,0,170.0,10.0,160.0,2,Medium (2-3/qtr),37.1,Medium,53.3,41.9,98.0,Medium ($50-100),38.8,10.0,Mid (6-15 yrs)
PHY100175,"White Space (High Potential, Under-Engaged)",Cardiology,South,1 - Preferred (low copay),Adopted,19.9,1,243.0,48.0,195.0,2,Medium (2-3/qtr),38.9,Medium,77.6,48.3,47.0,Low ($0-50),33.8,20.0,Senior (16+ yrs)
PHY100176,Access-Constrained,Primary Care,South,3 - Restricted (high copay),Not adopted,4.5,0,128.0,6.0,122.0,3,Medium (2-3/qtr),94.9,High,74.2,81.9,121.0,High ($100+),34.3,4.0,Early (0-5 yrs)
PHY100177,Advocates (High Adopters),Internal Medicine,Midwest,1 - Preferred (low copay),Not adopted,12.1,0,83.0,10.0,73.0,4,High (4+/qtr),21.0,Low,73.2,41.1,69.0,Medium ($50-100),45.3,13.0,Mid (6-15 yrs)
PHY100178,Access-Constrained,Internal Medicine,South,2 - Standard,Not adopted,13.4,0,217.0,29.0,188.0,4,High (4+/qtr),59.4,Medium,59.1,40.6,87.0,Medium ($50-100),21.8,8.0,Mid (6-15 yrs)
PHY100179,Access-Constrained,Primary Care,Northeast,3 - Restricted (high copay),Not adopted,5.5,0,218.0,12.0,206.0,4,High (4+/qtr),55.5,Medium,43.0,15.9,130.0,High ($100+),13.6,15.0,Mid (6-15 yrs)
PHY100180,Advocates (High Adopters),Internal Medicine,West,1 - Preferred (low copay),Adopted,33.0,1,209.0,69.0,140.0,5,High (4+/qtr),57.3,Medium,65.3,49.2,21.0,Low ($0-50),32.8,11.0,Mid (6-15 yrs)
PHY100181,"White Space (High Potential, Under-Engaged)",Internal Medicine,West,1 - Preferred (low copay),Adopted,40.3,1,204.0,82.0,122.0,5,High (4+/qtr),77.2,High,66.3,63.1,33.0,Low ($0-50),49.5,24.0,Senior (16+ yrs)
PHY100182,"White Space (High Potential, Under-Engaged)",Primary Care,South,2 - Standard,Not adopted,2.2,0,161.0,4.0,157.0,2,Medium (2-3/qtr),76.7,High,46.2,66.7,78.0,Medium ($50-100),63.3,18.0,Senior (16+ yrs)
PHY100183,Access-Constrained,Endocrinology,South,3 - Restricted (high copay),Not adopted,1.6,0,227.0,4.0,223.0,4,High (4+/qtr),40.1,Medium,43.0,52.2,74.0,Medium ($50-100),49.7,5.0,Early (0-5 yrs)
PHY100184,"White Space (High Potential, Under-Engaged)",Primary Care,Northeast,2 - Standard,Not adopted,6.0,0,177.0,11.0,166.0,2,Medium (2-3/qtr),54.3,Medium,72.7,69.1,75.0,Medium ($50-100),16.0,19.0,Senior (16+ yrs)
PHY100185,Access-Constrained,Primary Care,West,2 - Standard,Not adopted,4.9,0,151.0,7.0,144.0,2,Medium (2-3/qtr),9.0,Low,83.3,64.6,76.0,Medium ($50-100),34.5,9.0,Mid (6-15 yrs)
PHY100186,Access-Constrained,Endocrinology,Midwest,3 - Restricted (high copay),Not adopted,0.4,0,161.0,1.0,160.0,2,Medium (2-3/qtr),52.2,Medium,35.0,72.3,143.0,High ($100+),41.8,10.0,Mid (6-15 yrs)
PHY100187,Access-Constrained,Cardiology,Northeast,3 - Restricted (high copay),Not adopted,2.1,0,301.0,6.0,295.0,2,Medium (2-3/qtr),32.5,Low,44.7,69.7,114.0,High ($100+),40.7,16.0,Senior (16+ yrs)
PHY100188,Access-Constrained,Primary Care,Midwest,2 - Standard,Not adopted,2.7,0,76.0,2.0,74.0,3,Medium (2-3/qtr),45.9,Medium,57.0,81.4,111.0,High ($100+),46.1,11.0,Mid (6-15 yrs)
PHY100189,Advocates (High Adopters),Endocrinology,West,2 - Standard,Not adopted,12.8,0,210.0,27.0,183.0,6,High (4+/qtr),12.9,Low,59.7,46.6,93.0,Medium ($50-100),24.2,20.0,Senior (16+ yrs)
PHY100190,Advocates (High Adopters),Internal Medicine,South,2 - Standard,Not adopted,14.5,0,79.0,11.0,68.0,5,High (4+/qtr),58.9,Medium,39.6,23.5,72.0,Medium ($50-100),39.0,9.0,Mid (6-15 yrs)
PHY100191,Advocates (High Adopters),Endocrinology,South,1 - Preferred (low copay),Not adopted,22.9,0,174.0,40.0,134.0,4,High (4+/qtr),12.7,Low,87.7,63.3,63.0,Medium ($50-100),44.3,10.0,Mid (6-15 yrs)
PHY100192,Access-Constrained,Cardiology,West,3 - Restricted (high copay),Not adopted,11.4,0,154.0,18.0,136.0,5,High (4+/qtr),53.3,Medium,58.4,65.6,128.0,High ($100+),50.4,9.0,Mid (6-15 yrs)
PHY100193,"White Space (High Potential, Under-Engaged)",Internal Medicine,Northeast,1 - Preferred (low copay),Not adopted,3.0,0,55.0,2.0,53.0,1,Low (0-1/qtr),23.0,Low,60.6,81.4,90.0,Medium ($50-100),25.9,10.0,Mid (6-15 yrs)
PHY100194,Advocates (High Adopters),Cardiology,West,1 - Preferred (low copay),Not adopted,14.2,0,203.0,29.0,174.0,4,High (4+/qtr),31.3,Low,85.2,75.6,57.0,Medium ($50-100),32.8,22.0,Senior (16+ yrs)
PHY100195,Access-Constrained,Cardiology,Midwest,3 - Restricted (high copay),Adopted,2.4,1,157.0,4.0,153.0,3,Medium (2-3/qtr),75.4,High,41.0,88.9,69.0,Medium ($50-100),5.0,18.0,Senior (16+ yrs)
PHY100196,"White Space (High Potential, Under-Engaged)",Primary Care,South,2 - Standard,Not adopted,17.3,0,54.0,9.0,45.0,4,High (4+/qtr),62.9,Medium,48.2,62.4,42.0,Low ($0-50),28.7,26.0,Senior (16+ yrs)
PHY100197,"White Space (High Potential, Under-Engaged)",Internal Medicine,Northeast,1 - Preferred (low copay),Not adopted,22.4,0,230.0,52.0,178.0,3,Medium (2-3/qtr),75.3,High,24.9,54.6,52.0,Medium ($50-100),30.1,30.0,Senior (16+ yrs)
PHY100198,"White Space (High Potential, Under-Engaged)",Cardiology,West,1 - Preferred (low copay),Adopted,79.5,1,266.0,211.0,55.0,4,High (4+/qtr),84.3,High,46.6,22.3,5.0,Low ($0-50),22.7,7.0,Mid (6-15 yrs)
PHY100199,Access-Constrained,Endocrinology,Midwest,2 - Standard,Not adopted,1.2,0,269.0,3.0,266.0,3,Medium (2-3/qtr),33.0,Low,20.2,56.2,130.0,High ($100+),40.5,14.0,Mid (6-15 yrs)
PHY100200,Access-Constrained,Primary Care,Northeast,3 - Restricted (high copay),Not adopted,5.4,0,202.0,11.0,191.0,2,Medium (2-3/qtr),83.0,High,65.0,38.9,125.0,High ($100+),37.2,6.0,Mid (6-15 yrs)
PHY100201,"White Space (High Potential, Under-Engaged)",Internal Medicine,Midwest,1 - Preferred (low copay),Adopted,15.7,1,183.0,29.0,154.0,1,Low (0-1/qtr),17.8,Low,58.4,54.2,44.0,Low ($0-50),5.0,9.0,Mid (6-15 yrs)
PHY100202,"White Space (High Potential, Under-Engaged)",Primary Care,Northeast,1 - Preferred (low copay),Not adopted,7.6,0,260.0,20.0,240.0,2,Medium (2-3/qtr),66.4,High,44.5,51.1,32.0,Low ($0-50),41.2,10.0,Mid (6-15 yrs)
PHY100203,Access-Constrained,Cardiology,Northeast,2 - Standard,Not adopted,1.1,0,281.0,3.0,278.0,1,Low (0-1/qtr),39.1,Medium,48.0,59.4,111.0,High ($100+),24.1,7.0,Mid (6-15 yrs)
PHY100204,Access-Constrained,Cardiology,South,3 - Restricted (high copay),Not adopted,15.6,0,248.0,39.0,209.0,5,High (4+/qtr),29.5,Low,65.2,48.1,82.0,Medium ($50-100),45.3,7.0,Mid (6-15 yrs)
PHY100205,"White Space (High Potential, Under-Engaged)",Endocrinology,Midwest,1 - Preferred (low copay),Not adopted,14.1,0,124.0,17.0,107.0,2,Medium (2-3/qtr),63.5,Medium,27.3,68.7,35.0,Low ($0-50),18.8,13.0,Mid (6-15 yrs)
PHY100206,Access-Constrained,Cardiology,West,3 - Restricted (high copay),Adopted,28.6,1,192.0,55.0,137.0,3,Medium (2-3/qtr),70.8,High,54.1,0.0,91.0,Medium ($50-100),38.5,5.0,Early (0-5 yrs)
PHY100207,Access-Constrained,Primary Care,Midwest,3 - Restricted (high copay),Not adopted,4.2,0,206.0,9.0,197.0,3,Medium (2-3/qtr),70.1,High,64.0,53.8,113.0,High ($100+),33.8,20.0,Senior (16+ yrs)
PHY100208,Advocates (High Adopters),Cardiology,South,1 - Preferred (low copay),Not adopted,6.3,0,71.0,4.0,67.0,4,High (4+/qtr),54.7,Medium,14.4,74.0,76.0,Medium ($50-100),42.5,8.0,Mid (6-15 yrs)
PHY100209,Access-Constrained,Primary Care,South,3 - Restricted (high copay),Not adopted,0.3,0,208.0,1.0,207.0,0,Low (0-1/qtr),52.9,Medium,63.7,87.4,140.0,High ($100+),39.9,34.0,Senior (16+ yrs)
PHY100210,Access-Constrained,Primary Care,South,2 - Standard,Not adopted,1.0,0,316.0,3.0,313.0,2,Medium (2-3/qtr),61.6,Medium,16.5,64.6,111.0,High ($100+),34.2,11.0,Mid (6-15 yrs)
PHY100211,Advocates (High Adopters),Primary Care,South,2 - Standard,Not adopted,5.3,0,218.0,12.0,206.0,6,High (4+/qtr),56.7,Medium,47.6,83.7,85.0,Medium ($50-100),15.0,15.0,Mid (6-15 yrs)
PHY100212,Access-Constrained,Cardiology,South,2 - Standard,Not adopted,2.1,0,268.0,6.0,262.0,4,High (4+/qtr),61.9,Medium,26.7,53.4,111.0,High ($100+),15.8,5.0,Early (0-5 yrs)
PHY100213,Access-Constrained,Internal Medicine,West,3 - Restricted (high copay),Not adopted,9.3,0,191.0,18.0,173.0,5,High (4+/qtr),54.5,Medium,78.6,50.1,93.0,Medium ($50-100),29.2,26.0,Senior (16+ yrs)
PHY100214,Access-Constrained,Primary Care,Midwest,3 - Restricted (high copay),Not adopted,1.9,0,176.0,3.0,173.0,2,Medium (2-3/qtr),68.5,High,26.9,60.6,64.0,Medium ($50-100),37.9,22.0,Senior (16+ yrs)
PHY100215,Access-Constrained,Primary Care,Northeast,3 - Restricted (high copay),Not adopted,0.4,0,203.0,1.0,202.0,1,Low (0-1/qtr),14.2,Low,17.0,49.9,93.0,Medium ($50-100),28.9,16.0,Senior (16+ yrs)
PHY100216,Access-Constrained,Cardiology,South,3 - Restricted (high copay),Not adopted,4.2,0,131.0,6.0,125.0,3,Medium (2-3/qtr),47.1,Medium,52.7,34.4,90.0,Medium ($50-100),47.4,5.0,Early (0-5 yrs)
PHY100217,Advocates (High Adopters),Cardiology,West,2 - Standard,Not adopted,3.9,0,122.0,5.0,117.0,4,High (4+/qtr),19.6,Low,41.7,39.7,69.0,Medium ($50-100),33.8,15.0,Mid (6-15 yrs)
PHY100218,Access-Constrained,Internal Medicine,Northeast,3 - Restricted (high copay),Not adopted,1.0,0,256.0,3.0,253.0,2,Medium (2-3/qtr),56.1,Medium,19.9,27.8,86.0,Medium ($50-100),23.5,6.0,Mid (6-15 yrs)
PHY100219,Access-Constrained,Endocrinology,Midwest,3 - Restricted (high copay),Not adopted,6.6,0,262.0,17.0,245.0,2,Medium (2-3/qtr),86.1,High,60.5,60.6,98.0,Medium ($50-100),33.8,24.0,Senior (16+ yrs)
PHY100220,Advocates (High Adopters),Endocrinology,West,1 - Preferred (low copay),Not adopted,5.5,0,121.0,7.0,114.0,5,High (4+/qtr),39.6,Medium,10.2,50.2,76.0,Medium ($50-100),41.4,20.0,Senior (16+ yrs)
PHY100221,Advocates (High Adopters),Primary Care,South,1 - Preferred (low copay),Not adopted,3.6,0,238.0,9.0,229.0,5,High (4+/qtr),52.8,Medium,29.3,42.8,103.0,High ($100+),42.9,15.0,Mid (6-15 yrs)
PHY100222,"White Space (High Potential, Under-Engaged)",Primary Care,West,2 - Standard,Not adopted,6.6,0,175.0,12.0,163.0,3,Medium (2-3/qtr),66.6,High,38.5,38.7,42.0,Low ($0-50),66.2,1.0,Early (0-5 yrs)
PHY100223,Access-Constrained,Internal Medicine,South,3 - Restricted (high copay),Not adopted,1.6,0,200.0,3.0,197.0,2,Medium (2-3/qtr),4.5,Low,66.0,60.1,78.0,Medium ($50-100),28.0,7.0,Mid (6-15 yrs)
PHY100224,"White Space (High Potential, Under-Engaged)",Endocrinology,South,1 - Preferred (low copay),Not adopted,17.8,0,208.0,37.0,171.0,2,Medium (2-3/qtr),38.5,Medium,75.9,65.6,40.0,Low ($0-50),36.9,19.0,Senior (16+ yrs)
PHY100225,Access-Constrained,Internal Medicine,Midwest,2 - Standard,Not adopted,4.4,0,240.0,11.0,229.0,5,High (4+/qtr),58.0,Medium,72.1,27.4,104.0,High ($100+),44.4,22.0,Senior (16+ yrs)
PHY100226,Advocates (High Adopters),Cardiology,West,1 - Preferred (low copay),Not adopted,20.2,0,185.0,37.0,148.0,5,High (4+/qtr),0.0,Low,46.9,24.2,55.0,Medium ($50-100),37.6,22.0,Senior (16+ yrs)
PHY100227,Advocates (High Adopters),Primary Care,Midwest,2 - Standard,Not adopted,1.3,0,265.0,3.0,262.0,8,High (4+/qtr),28.5,Low,1.5,69.1,67.0,Medium ($50-100),30.5,3.0,Early (0-5 yrs)
PHY100228,Access-Constrained,Primary Care,South,2 - Standard,Not adopted,19.5,0,199.0,39.0,160.0,4,High (4+/qtr),74.2,High,57.8,22.5,103.0,High ($100+),14.8,16.0,Senior (16+ yrs)
PHY100229,"White Space (High Potential, Under-Engaged)",Cardiology,Midwest,1 - Preferred (low copay),Not adopted,17.0,0,217.0,37.0,180.0,3,Medium (2-3/qtr),72.1,High,79.4,60.9,84.0,Medium ($50-100),30.3,21.0,Senior (16+ yrs)
PHY100230,Access-Constrained,Cardiology,South,3 - Restricted (high copay),Not adopted,4.0,0,130.0,5.0,125.0,2,Medium (2-3/qtr),58.2,Medium,74.7,82.3,110.0,High ($100+),21.9,2.0,Early (0-5 yrs)
PHY100231,"White Space (High Potential, Under-Engaged)",Primary Care,South,1 - Preferred (low copay),Not adopted,18.6,0,310.0,58.0,252.0,1,Low (0-1/qtr),69.4,High,59.3,82.4,40.0,Low ($0-50),12.1,14.0,Mid (6-15 yrs)
PHY100232,Access-Constrained,Internal Medicine,South,3 - Restricted (high copay),Not adopted,2.3,0,208.0,5.0,203.0,4,High (4+/qtr),54.7,Medium,26.2,64.8,117.0,High ($100+),26.1,16.0,Senior (16+ yrs)
PHY100233,"White Space (High Potential, Under-Engaged)",Primary Care,West,1 - Preferred (low copay),Not adopted,15.7,0,223.0,35.0,188.0,3,Medium (2-3/qtr),62.2,Medium,39.5,64.2,54.0,Medium ($50-100),22.3,12.0,Mid (6-15 yrs)
PHY100234,Access-Constrained,Internal Medicine,Midwest,3 - Restricted (high copay),Not adopted,3.9,0,84.0,3.0,81.0,5,High (4+/qtr),43.1,Medium,88.7,95.0,104.0,High ($100+),46.8,1.0,Early (0-5 yrs)
PHY100235,Access-Constrained,Internal Medicine,South,2 - Standard,Not adopted,6.3,0,131.0,8.0,123.0,0,Low (0-1/qtr),52.5,Medium,21.7,3.3,72.0,Medium ($50-100),47.0,12.0,Mid (6-15 yrs)
PHY100236,Advocates (High Adopters),Primary Care,Midwest,1 - Preferred (low copay),Not adopted,2.0,0,254.0,5.0,249.0,3,Medium (2-3/qtr),36.1,Medium,27.0,40.7,83.0,Medium ($50-100),24.4,12.0,Mid (6-15 yrs)
PHY100237,Advocates (High Adopters),Primary Care,Midwest,1 - Preferred (low copay),Adopted,27.8,1,197.0,55.0,142.0,8,High (4+/qtr),77.8,High,68.9,67.0,66.0,Medium ($50-100),34.1,13.0,Mid (6-15 yrs)
PHY100238,"White Space (High Potential, Under-Engaged)",Cardiology,Midwest,1 - Preferred (low copay),Not adopted,26.1,0,65.0,17.0,48.0,3,Medium (2-3/qtr),83.5,High,41.4,43.3,86.0,Medium ($50-100),10.1,10.0,Mid (6-15 yrs)
PHY100239,Access-Constrained,Cardiology,Northeast,2 - Standard,Not adopted,6.9,0,242.0,17.0,225.0,3,Medium (2-3/qtr),80.4,High,26.4,74.8,118.0,High ($100+),30.6,11.0,Mid (6-15 yrs)
PHY100240,Access-Constrained,Internal Medicine,Northeast,3 - Restricted (high copay),Not adopted,4.4,0,147.0,6.0,141.0,5,High (4+/qtr),41.0,Medium,80.6,49.2,121.0,High ($100+),44.0,14.0,Mid (6-15 yrs)
PHY100241,Advocates (High Adopters),Primary Care,South,2 - Standard,Not adopted,6.2,0,265.0,16.0,249.0,5,High (4+/qtr),29.0,Low,59.2,52.6,72.0,Medium ($50-100),50.4,17.0,Senior (16+ yrs)
PHY100242,Access-Constrained,Endocrinology,South,2 - Standard,Not adopted,8.0,0,175.0,14.0,161.0,2,Medium (2-3/qtr),78.1,High,42.4,44.5,111.0,High ($100+),27.3,12.0,Mid (6-15 yrs)
PHY100243,Advocates (High Adopters),Primary Care,South,2 - Standard,Not adopted,9.5,0,192.0,18.0,174.0,5,High (4+/qtr),62.0,Medium,27.1,39.5,97.0,Medium ($50-100),53.8,11.0,Mid (6-15 yrs)
PHY100244,Access-Constrained,Primary Care,Northeast,2 - Standard,Not adopted,12.4,0,251.0,31.0,220.0,5,High (4+/qtr),57.2,Medium,90.9,39.1,150.0,High ($100+),15.3,15.0,Mid (6-15 yrs)
PHY100245,Access-Constrained,Internal Medicine,Midwest,2 - Standard,Not adopted,6.2,0,126.0,8.0,118.0,2,Medium (2-3/qtr),36.1,Medium,49.5,55.4,93.0,Medium ($50-100),19.3,1.0,Early (0-5 yrs)
PHY100246,Access-Constrained,Primary Care,Northeast,2 - Standard,Not adopted,5.9,0,120.0,7.0,113.0,4,High (4+/qtr),59.4,Medium,77.9,34.5,102.0,High ($100+),48.6,17.0,Senior (16+ yrs)
PHY100247,Access-Constrained,Primary Care,South,2 - Standard,Not adopted,1.0,0,168.0,2.0,166.0,3,Medium (2-3/qtr),26.1,Low,67.9,69.1,92.0,Medium ($50-100),63.1,14.0,Mid (6-15 yrs)
PHY100248,Access-Constrained,Endocrinology,West,3 - Restricted (high copay),Not adopted,1.0,0,230.0,2.0,228.0,3,Medium (2-3/qtr),63.9,Medium,39.6,63.1,108.0,High ($100+),45.4,14.0,Mid (6-15 yrs)
PHY100249,"White Space (High Potential, Under-Engaged)",Primary Care,Midwest,2 - Standard,Not adopted,6.2,0,100.0,6.0,94.0,2,Medium (2-3/qtr),80.3,High,39.7,72.0,79.0,Medium ($50-100),37.4,21.0,Senior (16+ yrs)
PHY100250,"White Space (High Potential, Under-Engaged)",Primary Care,South,1 - Preferred (low copay),Adopted,73.4,1,80.0,59.0,21.0,4,High (4+/qtr),85.9,High,78.9,27.4,67.0,Medium ($50-100),5.1,1.0,Early (0-5 yrs)
PHY100251,Advocates (High Adopters),Internal Medicine,Northeast,1 - Preferred (low copay),Adopted,66.7,1,229.0,153.0,76.0,4,High (4+/qtr),65.6,Medium,79.3,16.0,73.0,Medium ($50-100),7.7,1.0,Early (0-5 yrs)
PHY100252,Access-Constrained,Primary Care,Midwest,2 - Standard,Not adopted,0.4,0,144.0,1.0,143.0,1,Low (0-1/qtr),19.6,Low,12.5,49.9,114.0,High ($100+),39.9,16.0,Senior (16+ yrs)
PHY100253,Access-Constrained,Endocrinology,Northeast,2 - Standard,Not adopted,3.9,0,156.0,6.0,150.0,4,High (4+/qtr),54.3,Medium,61.0,100.0,93.0,Medium ($50-100),32.6,14.0,Mid (6-15 yrs)
PHY100254,Access-Constrained,Endocrinology,Midwest,3 - Restricted (high copay),Not adopted,6.1,0,69.0,4.0,65.0,1,Low (0-1/qtr),97.1,High,47.6,75.3,98.0,Medium ($50-100),21.4,15.0,Mid (6-15 yrs)
PHY100255,Advocates (High Adopters),Primary Care,South,2 - Standard,Adopted,10.2,1,139.0,14.0,125.0,6,High (4+/qtr),30.9,Low,29.3,38.9,77.0,Medium ($50-100),39.0,11.0,Mid (6-15 yrs)
PHY100256,"White Space (High Potential, Under-Engaged)",Internal Medicine,West,2 - Standard,Not adopted,15.1,0,180.0,27.0,153.0,2,Medium (2-3/qtr),48.7,Medium,55.2,58.5,52.0,Medium ($50-100),39.7,19.0,Senior (16+ yrs)
PHY100257,Access-Constrained,Cardiology,Northeast,3 - Restricted (high copay),Not adopted,1.6,0,236.0,4.0,232.0,1,Low (0-1/qtr),81.1,High,23.0,64.6,152.0,High ($100+),52.2,21.0,Senior (16+ yrs)
PHY100258,"White Space (High Potential, Under-Engaged)",Cardiology,South,1 - Preferred (low copay),Adopted,33.2,1,134.0,44.0,90.0,2,Medium (2-3/qtr),63.6,Medium,40.7,22.6,46.0,Low ($0-50),40.0,17.0,Senior (16+ yrs)
PHY100259,Access-Constrained,Primary Care,South,3 - Restricted (high copay),Not adopted,2.4,0,279.0,7.0,272.0,2,Medium (2-3/qtr),100.0,High,34.0,77.4,134.0,High ($100+),56.4,12.0,Mid (6-15 yrs)
PHY100260,Advocates (High Adopters),Cardiology,West,1 - Preferred (low copay),Not adopted,9.6,0,139.0,13.0,126.0,4,High (4+/qtr),33.9,Medium,40.0,46.7,67.0,Medium ($50-100),38.1,1.0,Early (0-5 yrs)
PHY100261,Access-Constrained,Internal Medicine,South,2 - Standard,Not adopted,1.3,0,139.0,2.0,137.0,0,Low (0-1/qtr),28.2,Low,48.6,48.2,93.0,Medium ($50-100),36.3,19.0,Senior (16+ yrs)
PHY100262,Access-Constrained,Endocrinology,Midwest,3 - Restricted (high copay),Not adopted,1.8,0,272.0,5.0,267.0,1,Low (0-1/qtr),76.9,High,29.7,50.5,107.0,High ($100+),54.0,23.0,Senior (16+ yrs)
PHY100263,Access-Constrained,Cardiology,South,3 - Restricted (high copay),Adopted,3.5,1,193.0,7.0,186.0,3,Medium (2-3/qtr),23.7,Low,81.5,72.9,90.0,Medium ($50-100),23.3,19.0,Senior (16+ yrs)
PHY100264,Access-Constrained,Internal Medicine,Midwest,3 - Restricted (high copay),Not adopted,2.6,0,147.0,4.0,143.0,2,Medium (2-3/qtr),45.7,Medium,59.9,34.9,86.0,Medium ($50-100),80.2,8.0,Mid (6-15 yrs)
PHY100265,Access-Constrained,Cardiology,West,2 - Standard,Adopted,15.4,1,171.0,26.0,145.0,3,Medium (2-3/qtr),48.6,Medium,85.9,15.9,128.0,High ($100+),43.6,19.0,Senior (16+ yrs)
PHY100266,Access-Constrained,Endocrinology,Midwest,3 - Restricted (high copay),Not adopted,6.8,0,261.0,18.0,243.0,2,Medium (2-3/qtr),72.8,High,46.8,56.5,113.0,High ($100+),43.7,20.0,Senior (16+ yrs)
PHY100267,Access-Constrained,Cardiology,South,2 - Standard,Not adopted,16.7,0,268.0,45.0,223.0,3,Medium (2-3/qtr),63.5,Medium,39.0,9.1,113.0,High ($100+),45.9,25.0,Senior (16+ yrs)
PHY100268,Access-Constrained,Cardiology,Northeast,2 - Standard,Not adopted,20.0,0,131.0,26.0,105.0,3,Medium (2-3/qtr),60.1,Medium,85.2,44.0,120.0,High ($100+),66.2,8.0,Mid (6-15 yrs)
PHY100269,"White Space (High Potential, Under-Engaged)",Cardiology,Midwest,1 - Preferred (low copay),Not adopted,3.5,0,177.0,6.0,171.0,3,Medium (2-3/qtr),41.1,Medium,38.4,73.7,50.0,Low ($0-50),49.9,12.0,Mid (6-15 yrs)
PHY100270,Advocates (High Adopters),Cardiology,West,1 - Preferred (low copay),Adopted,72.1,1,185.0,133.0,52.0,5,High (4+/qtr),76.7,High,46.4,61.6,71.0,Medium ($50-100),13.9,19.0,Senior (16+ yrs)
PHY100271,Access-Constrained,Cardiology,South,2 - Standard,Not adopted,7.4,0,121.0,9.0,112.0,1,Low (0-1/qtr),100.0,High,64.4,70.8,86.0,Medium ($50-100),59.1,14.0,Mid (6-15 yrs)
PHY100272,"White Space (High Potential, Under-Engaged)",Cardiology,Midwest,1 - Preferred (low copay),Not adopted,9.9,0,177.0,18.0,159.0,3,Medium (2-3/qtr),65.2,Medium,25.2,62.4,31.0,Low ($0-50),32.9,6.0,Mid (6-15 yrs)
PHY100273,Access-Constrained,Primary Care,West,2 - Standard,Not adopted,1.7,0,180.0,3.0,177.0,3,Medium (2-3/qtr),52.2,Medium,64.2,98.2,80.0,Medium ($50-100),39.6,17.0,Senior (16+ yrs)
PHY100274,Access-Constrained,Primary Care,West,3 - Restricted (high copay),Not adopted,3.4,0,248.0,8.0,240.0,3,Medium (2-3/qtr),21.4,Low,61.7,38.2,125.0,High ($100+),18.8,18.0,Senior (16+ yrs)
PHY100275,Access-Constrained,Endocrinology,Midwest,3 - Restricted (high copay),Not adopted,3.8,0,252.0,10.0,242.0,2,Medium (2-3/qtr),36.0,Medium,75.4,58.0,98.0,Medium ($50-100),45.9,15.0,Mid (6-15 yrs)
PHY100276,Advocates (High Adopters),Endocrinology,South,1 - Preferred (low copay),Adopted,39.9,1,160.0,64.0,96.0,5,High (4+/qtr),45.3,Medium,67.8,41.2,52.0,Medium ($50-100),28.2,16.0,Senior (16+ yrs)
PHY100277,Access-Constrained,Primary Care,South,3 - Restricted (high copay),Not adopted,1.3,0,167.0,2.0,165.0,1,Low (0-1/qtr),38.2,Medium,76.0,69.1,106.0,High ($100+),39.5,12.0,Mid (6-15 yrs)
PHY100278,Access-Constrained,Internal Medicine,South,1 - Preferred (low copay),Not adopted,2.8,0,220.0,6.0,214.0,1,Low (0-1/qtr),49.6,Medium,47.8,48.8,113.0,High ($100+),33.7,24.0,Senior (16+ yrs)
PHY100279,"White Space (High Potential, Under-Engaged)",Internal Medicine,Midwest,2 - Standard,Not adopted,11.8,0,145.0,17.0,128.0,4,High (4+/qtr),89.1,High,32.7,84.4,39.0,Low ($0-50),66.9,8.0,Mid (6-15 yrs)
PHY100280,Access-Constrained,Cardiology,Midwest,3 - Restricted (high copay),Not adopted,19.0,0,215.0,41.0,174.0,1,Low (0-1/qtr),77.4,High,92.2,39.4,123.0,High ($100+),67.7,10.0,Mid (6-15 yrs)
PHY100281,"White Space (High Potential, Under-Engaged)",Cardiology,West,1 - Preferred (low copay),Not adopted,9.9,0,175.0,17.0,158.0,3,Medium (2-3/qtr),46.5,Medium,19.5,78.1,54.0,Medium ($50-100),38.7,14.0,Mid (6-15 yrs)
PHY100282,"White Space (High Potential, Under-Engaged)",Endocrinology,West,1 - Preferred (low copay),Not adopted,5.7,0,122.0,7.0,115.0,2,Medium (2-3/qtr),23.4,Low,21.5,61.9,44.0,Low ($0-50),39.0,20.0,Senior (16+ yrs)
PHY100283,"White Space (High Potential, Under-Engaged)",Endocrinology,West,1 - Preferred (low copay),Not adopted,11.2,0,123.0,14.0,109.0,2,Medium (2-3/qtr),79.4,High,61.3,49.4,53.0,Medium ($50-100),32.4,4.0,Early (0-5 yrs)
PHY100284,Access-Constrained,Primary Care,West,2 - Standard,Not adopted,2.6,0,267.0,7.0,260.0,3,Medium (2-3/qtr),48.9,Medium,82.5,60.8,102.0,High ($100+),54.6,5.0,Early (0-5 yrs)
PHY100285,Access-Constrained,Primary Care,South,3 - Restricted (high copay),Not adopted,1.0,0,171.0,2.0,169.0,3,Medium (2-3/qtr),12.0,Low,53.8,55.2,128.0,High ($100+),33.1,1.0,Early (0-5 yrs)
PHY100286,Advocates (High Adopters),Cardiology,South,1 - Preferred (low copay),Not adopted,30.0,0,278.0,83.0,195.0,5,High (4+/qtr),65.7,Medium,70.0,57.1,65.0,Medium ($50-100),31.7,14.0,Mid (6-15 yrs)
PHY100287,"White Space (High Potential, Under-Engaged)",Endocrinology,South,1 - Preferred (low copay),Not adopted,7.3,0,149.0,11.0,138.0,3,Medium (2-3/qtr),72.6,High,10.1,45.9,87.0,Medium ($50-100),52.7,6.0,Mid (6-15 yrs)
PHY100288,Access-Constrained,Primary Care,South,2 - Standard,Not adopted,1.1,0,197.0,2.0,195.0,4,High (4+/qtr),0.0,Low,40.0,36.0,117.0,High ($100+),29.9,11.0,Mid (6-15 yrs)
PHY100289,Access-Constrained,Cardiology,Midwest,1 - Preferred (low copay),Not adopted,9.0,0,324.0,29.0,295.0,3,Medium (2-3/qtr),31.9,Low,12.5,43.3,80.0,Medium ($50-100),37.4,19.0,Senior (16+ yrs)
PHY100290,Advocates (High Adopters),Internal Medicine,Midwest,2 - Standard,Not adopted,41.6,0,117.0,49.0,68.0,8,High (4+/qtr),47.6,Medium,65.6,16.3,71.0,Medium ($50-100),14.3,10.0,Mid (6-15 yrs)
PHY100291,Access-Constrained,Cardiology,South,3 - Restricted (high copay),Not adopted,1.6,0,66.0,1.0,65.0,2,Medium (2-3/qtr),66.2,High,19.1,66.8,122.0,High ($100+),48.6,16.0,Senior (16+ yrs)
PHY100292,Access-Constrained,Internal Medicine,Midwest,3 - Restricted (high copay),Not adopted,0.6,0,257.0,2.0,255.0,1,Low (0-1/qtr),38.7,Medium,24.4,25.3,122.0,High ($100+),67.1,12.0,Mid (6-15 yrs)
PHY100293,Advocates (High Adopters),Cardiology,Midwest,3 - Restricted (high copay),Not adopted,8.0,0,130.0,10.0,120.0,7,High (4+/qtr),31.7,Low,60.3,45.6,90.0,Medium ($50-100),48.8,19.0,Senior (16+ yrs)
PHY100294,"White Space (High Potential, Under-Engaged)",Internal Medicine,South,2 - Standard,Not adopted,5.7,0,179.0,10.0,169.0,2,Medium (2-3/qtr),66.0,Medium,71.2,63.0,46.0,Low ($0-50),59.9,17.0,Senior (16+ yrs)
PHY100295,Advocates (High Adopters),Internal Medicine,Midwest,3 - Restricted (high copay),Not adopted,4.8,0,145.0,7.0,138.0,6,High (4+/qtr),39.7,Medium,46.8,66.8,59.0,Medium ($50-100),25.3,9.0,Mid (6-15 yrs)
PHY100296,Advocates (High Adopters),Internal Medicine,Northeast,1 - Preferred (low copay),Not adopted,11.9,0,196.0,23.0,173.0,4,High (4+/qtr),61.9,Medium,61.4,14.5,62.0,Medium ($50-100),41.5,13.0,Mid (6-15 yrs)
PHY100297,Advocates (High Adopters),Internal Medicine,West,1 - Preferred (low copay),Not adopted,5.1,0,123.0,6.0,117.0,3,Medium (2-3/qtr),25.5,Low,60.8,48.2,67.0,Medium ($50-100),23.9,21.0,Senior (16+ yrs)
PHY100298,Access-Constrained,Primary Care,West,2 - Standard,Not adopted,1.8,0,169.0,3.0,166.0,1,Low (0-1/qtr),20.2,Low,45.7,59.2,55.0,Medium ($50-100),34.6,17.0,Senior (16+ yrs)
PHY100299,Advocates (High Adopters),Primary Care,Northeast,1 - Preferred (low copay),Not adopted,23.5,0,207.0,49.0,158.0,5,High (4+/qtr),66.6,High,28.1,51.0,86.0,Medium ($50-100),49.6,4.0,Early (0-5 yrs)
PHY100300,Access-Constrained,Primary Care,Northeast,3 - Restricted (high copay),Not adopted,0.4,0,120.0,0.0,120.0,1,Low (0-1/qtr),55.6,Medium,61.3,76.9,114.0,High ($100+),39.5,19.0,Senior (16+ yrs)
PHY100301,Access-Constrained,Cardiology,Midwest,2 - Standard,Not adopted,15.4,0,138.0,21.0,117.0,5,High (4+/qtr),70.3,High,62.3,33.6,119.0,High ($100+),16.8,6.0,Mid (6-15 yrs)
PHY100302,Access-Constrained,Primary Care,West,3 - Restricted (high copay),Not adopted,5.0,0,159.0,8.0,151.0,3,Medium (2-3/qtr),38.3,Medium,67.9,9.0,119.0,High ($100+),18.3,24.0,Senior (16+ yrs)
PHY100303,"White Space (High Potential, Under-Engaged)",Primary Care,West,2 - Standard,Adopted,12.7,1,94.0,12.0,82.0,2,Medium (2-3/qtr),32.5,Low,56.2,66.2,58.0,Medium ($50-100),17.3,21.0,Senior (16+ yrs)
PHY100304,Access-Constrained,Internal Medicine,Northeast,2 - Standard,Not adopted,4.8,0,155.0,7.0,148.0,0,Low (0-1/qtr),79.9,High,26.6,39.3,96.0,Medium ($50-100),45.4,16.0,Senior (16+ yrs)
PHY100305,Advocates (High Adopters),Primary Care,South,2 - Standard,Not adopted,7.5,0,187.0,14.0,173.0,4,High (4+/qtr),16.5,Low,63.8,14.8,102.0,High ($100+),69.0,15.0,Mid (6-15 yrs)
PHY100306,"White Space (High Potential, Under-Engaged)",Endocrinology,Northeast,1 - Preferred (low copay),Not adopted,23.6,0,156.0,37.0,119.0,2,Medium (2-3/qtr),77.5,High,50.0,46.8,46.0,Low ($0-50),58.4,13.0,Mid (6-15 yrs)
PHY100307,"White Space (High Potential, Under-Engaged)",Primary Care,Midwest,2 - Standard,Not adopted,5.9,0,164.0,10.0,154.0,3,Medium (2-3/qtr),79.1,High,40.3,74.6,49.0,Low ($0-50),9.6,19.0,Senior (16+ yrs)
PHY100308,Access-Constrained,Endocrinology,West,2 - Standard,Not adopted,8.7,0,179.0,16.0,163.0,1,Low (0-1/qtr),68.9,High,44.1,24.7,88.0,Medium ($50-100),59.3,11.0,Mid (6-15 yrs)
PHY100309,Access-Constrained,Cardiology,Northeast,3 - Restricted (high copay),Not adopted,0.4,0,141.0,1.0,140.0,1,Low (0-1/qtr),34.9,Medium,36.2,96.7,85.0,Medium ($50-100),52.0,16.0,Senior (16+ yrs)
PHY100310,Access-Constrained,Primary Care,Northeast,2 - Standard,Not adopted,5.7,0,221.0,13.0,208.0,0,Low (0-1/qtr),32.0,Low,67.8,33.2,113.0,High ($100+),14.8,20.0,Senior (16+ yrs)
PHY100311,"White Space (High Potential, Under-Engaged)",Primary Care,Midwest,1 - Preferred (low copay),Not adopted,2.8,0,266.0,7.0,259.0,3,Medium (2-3/qtr),45.4,Medium,21.6,51.7,50.0,Low ($0-50),33.5,10.0,Mid (6-15 yrs)
PHY100312,Access-Constrained,Endocrinology,South,2 - Standard,Not adopted,2.6,0,152.0,4.0,148.0,1,Low (0-1/qtr),21.5,Low,30.1,25.6,128.0,High ($100+),54.4,10.0,Mid (6-15 yrs)
PHY100313,"White Space (High Potential, Under-Engaged)",Endocrinology,West,2 - Standard,Not adopted,7.4,0,209.0,15.0,194.0,2,Medium (2-3/qtr),28.8,Low,43.4,50.8,32.0,Low ($0-50),46.3,6.0,Mid (6-15 yrs)
PHY100314,"White Space (High Potential, Under-Engaged)",Endocrinology,West,1 - Preferred (low copay),Adopted,21.1,1,166.0,35.0,131.0,1,Low (0-1/qtr),64.2,Medium,82.3,47.3,63.0,Medium ($50-100),18.4,7.0,Mid (6-15 yrs)
PHY100315,Access-Constrained,Endocrinology,Northeast,2 - Standard,Not adopted,6.5,0,202.0,13.0,189.0,2,Medium (2-3/qtr),64.3,Medium,71.1,20.2,121.0,High ($100+),47.2,1.0,Early (0-5 yrs)
PHY100316,"White Space (High Potential, Under-Engaged)",Endocrinology,Northeast,1 - Preferred (low copay),Not adopted,2.6,0,274.0,7.0,267.0,3,Medium (2-3/qtr),26.9,Low,17.2,100.0,38.0,Low ($0-50),5.9,19.0,Senior (16+ yrs)
PHY100317,"White Space (High Potential, Under-Engaged)",Primary Care,West,1 - Preferred (low copay),Adopted,39.6,1,211.0,84.0,127.0,2,Medium (2-3/qtr),64.9,Medium,77.0,40.1,56.0,Medium ($50-100),34.7,27.0,Senior (16+ yrs)
PHY100318,Access-Constrained,Endocrinology,Midwest,2 - Standard,Not adopted,13.6,0,74.0,10.0,64.0,2,Medium (2-3/qtr),60.0,Medium,77.0,40.1,75.0,Medium ($50-100),55.1,24.0,Senior (16+ yrs)
PHY100319,"White Space (High Potential, Under-Engaged)",Internal Medicine,West,1 - Preferred (low copay),Not adopted,11.4,0,207.0,24.0,183.0,2,Medium (2-3/qtr),83.2,High,26.5,69.4,43.0,Low ($0-50),38.3,3.0,Early (0-5 yrs)
PHY100320,Access-Constrained,Internal Medicine,South,2 - Standard,Not adopted,0.5,0,254.0,1.0,253.0,4,High (4+/qtr),62.5,Medium,0.0,86.3,91.0,Medium ($50-100),30.5,19.0,Senior (16+ yrs)
PHY100321,"White Space (High Potential, Under-Engaged)",Primary Care,Northeast,1 - Preferred (low copay),Not adopted,11.2,0,167.0,19.0,148.0,3,Medium (2-3/qtr),73.3,High,48.6,72.5,28.0,Low ($0-50),51.3,24.0,Senior (16+ yrs)
PHY100322,Access-Constrained,Endocrinology,West,2 - Standard,Not adopted,11.5,0,240.0,28.0,212.0,2,Medium (2-3/qtr),60.5,Medium,72.4,26.0,82.0,Medium ($50-100),52.6,11.0,Mid (6-15 yrs)
PHY100323,"White Space (High Potential, Under-Engaged)",Primary Care,Northeast,1 - Preferred (low copay),Not adopted,22.3,0,139.0,31.0,108.0,4,High (4+/qtr),71.6,High,81.8,54.3,73.0,Medium ($50-100),57.7,15.0,Mid (6-15 yrs)
PHY100324,Access-Constrained,Internal Medicine,Midwest,3 - Restricted (high copay),Not adopted,1.9,0,91.0,2.0,89.0,2,Medium (2-3/qtr),21.7,Low,32.6,12.4,105.0,High ($100+),51.1,1.0,Early (0-5 yrs)
PHY100325,"White Space (High Potential, Under-Engaged)",Primary Care,South,1 - Preferred (low copay),Not adopted,10.0,0,188.0,19.0,169.0,1,Low (0-1/qtr),47.3,Medium,85.0,68.0,35.0,Low ($0-50),54.2,16.0,Senior (16+ yrs)
PHY100326,Access-Constrained,Internal Medicine,South,2 - Standard,Not adopted,1.1,0,75.0,1.0,74.0,2,Medium (2-3/qtr),49.1,Medium,5.4,17.3,111.0,High ($100+),49.0,7.0,Mid (6-15 yrs)
PHY100327,Access-Constrained,Primary Care,South,2 - Standard,Adopted,3.3,1,166.0,5.0,161.0,2,Medium (2-3/qtr),44.6,Medium,42.6,33.9,103.0,High ($100+),42.0,15.0,Mid (6-15 yrs)
PHY100328,"White Space (High Potential, Under-Engaged)",Primary Care,South,1 - Preferred (low copay),Not adopted,17.2,0,257.0,44.0,213.0,2,Medium (2-3/qtr),59.8,Medium,41.7,49.9,34.0,Low ($0-50),39.3,3.0,Early (0-5 yrs)
PHY100329,"White Space (High Potential, Under-Engaged)",Endocrinology,West,2 - Standard,Not adopted,15.3,0,65.0,10.0,55.0,3,Medium (2-3/qtr),64.0,Medium,73.0,58.9,53.0,Medium ($50-100),34.4,18.0,Senior (16+ yrs)
PHY100330,Access-Constrained,Primary Care,West,3 - Restricted (high copay),Not adopted,5.4,0,103.0,6.0,97.0,2,Medium (2-3/qtr),58.6,Medium,76.0,44.8,86.0,Medium ($50-100),19.8,21.0,Senior (16+ yrs)
PHY100331,Access-Constrained,Cardiology,South,3 - Restricted (high copay),Not adopted,7.3,0,118.0,9.0,109.0,2,Medium (2-3/qtr),46.1,Medium,69.1,80.4,124.0,High ($100+),23.7,9.0,Mid (6-15 yrs)
PHY100332,Access-Constrained,Primary Care,Northeast,2 - Standard,Not adopted,0.5,0,176.0,1.0,175.0,1,Low (0-1/qtr),33.8,Medium,23.0,64.5,92.0,Medium ($50-100),33.8,6.0,Mid (6-15 yrs)
PHY100333,Advocates (High Adopters),Internal Medicine,South,1 - Preferred (low copay),Adopted,27.9,1,158.0,44.0,114.0,6,High (4+/qtr),74.1,High,67.3,62.9,80.0,Medium ($50-100),41.6,1.0,Early (0-5 yrs)
PHY100334,Advocates (High Adopters),Cardiology,West,2 - Standard,Not adopted,11.5,0,264.0,30.0,234.0,4,High (4+/qtr),57.7,Medium,60.2,25.4,77.0,Medium ($50-100),59.6,12.0,Mid (6-15 yrs)
PHY100335,Access-Constrained,Primary Care,Midwest,2 - Standard,Not adopted,1.1,0,237.0,3.0,234.0,1,Low (0-1/qtr),27.6,Low,16.6,84.0,62.0,Medium ($50-100),37.4,10.0,Mid (6-15 yrs)
PHY100336,Access-Constrained,Cardiology,South,1 - Preferred (low copay),Not adopted,6.6,0,210.0,14.0,196.0,0,Low (0-1/qtr),45.7,Medium,8.7,33.9,83.0,Medium ($50-100),53.1,3.0,Early (0-5 yrs)
PHY100337,Access-Constrained,Primary Care,Midwest,3 - Restricted (high copay),Not adopted,0.4,0,189.0,1.0,188.0,0,Low (0-1/qtr),11.6,Low,70.8,84.8,96.0,Medium ($50-100),54.2,17.0,Senior (16+ yrs)
PHY100338,Advocates (High Adopters),Cardiology,Northeast,2 - Standard,Not adopted,2.4,0,204.0,5.0,199.0,6,High (4+/qtr),50.8,Medium,46.4,90.4,90.0,Medium ($50-100),34.5,11.0,Mid (6-15 yrs)
PHY100339,Advocates (High Adopters),Internal Medicine,South,2 - Standard,Not adopted,1.8,0,128.0,2.0,126.0,5,High (4+/qtr),45.6,Medium,24.3,60.3,46.0,Low ($0-50),46.9,6.0,Mid (6-15 yrs)
PHY100340,Advocates (High Adopters),Cardiology,Midwest,2 - Standard,Not adopted,5.0,0,231.0,12.0,219.0,5,High (4+/qtr),37.4,Medium,45.8,70.6,71.0,Medium ($50-100),34.3,10.0,Mid (6-15 yrs)
PHY100341,Access-Constrained,Internal Medicine,West,2 - Standard,Not adopted,23.2,0,113.0,26.0,87.0,2,Medium (2-3/qtr),84.9,High,57.3,0.0,110.0,High ($100+),57.8,21.0,Senior (16+ yrs)
PHY100342,Advocates (High Adopters),Internal Medicine,West,1 - Preferred (low copay),Not adopted,6.2,0,230.0,14.0,216.0,4,High (4+/qtr),24.6,Low,48.3,46.1,42.0,Low ($0-50),47.5,18.0,Senior (16+ yrs)
PHY100343,Access-Constrained,Primary Care,West,3 - Restricted (high copay),Not adopted,1.1,0,251.0,3.0,248.0,5,High (4+/qtr),65.5,Medium,19.0,72.0,130.0,High ($100+),20.1,13.0,Mid (6-15 yrs)
PHY100344,"White Space (High Potential, Under-Engaged)",Primary Care,Midwest,1 - Preferred (low copay),Not adopted,15.7,0,193.0,30.0,163.0,2,Medium (2-3/qtr),98.1,High,87.7,68.5,5.0,Low ($0-50),40.4,18.0,Senior (16+ yrs)
PHY100345,Access-Constrained,Primary Care,Midwest,3 - Restricted (high copay),Not adopted,7.3,0,169.0,12.0,157.0,2,Medium (2-3/qtr),73.7,High,70.1,25.6,96.0,Medium ($50-100),62.7,6.0,Mid (6-15 yrs)
PHY100346,Access-Constrained,Internal Medicine,South,3 - Restricted (high copay),Not adopted,2.2,0,204.0,4.0,200.0,5,High (4+/qtr),49.3,Medium,43.3,44.1,106.0,High ($100+),35.3,14.0,Mid (6-15 yrs)
PHY100347,Access-Constrained,Endocrinology,West,2 - Standard,Not adopted,4.1,0,30.0,1.0,29.0,2,Medium (2-3/qtr),25.1,Low,44.1,0.0,129.0,High ($100+),44.7,15.0,Mid (6-15 yrs)
PHY100348,"White Space (High Potential, Under-Engaged)",Primary Care,South,1 - Preferred (low copay),Not adopted,4.7,0,198.0,9.0,189.0,1,Low (0-1/qtr),20.0,Low,57.2,58.3,31.0,Low ($0-50),46.2,11.0,Mid (6-15 yrs)
PHY100349,Access-Constrained,Cardiology,West,1 - Preferred (low copay),Not adopted,7.3,0,173.0,13.0,160.0,1,Low (0-1/qtr),40.9,Medium,27.4,12.3,77.0,Medium ($50-100),22.5,17.0,Senior (16+ yrs)
PHY100350,Access-Constrained,Primary Care,Northeast,2 - Standard,Not adopted,1.2,0,177.0,2.0,175.0,3,Medium (2-3/qtr),34.9,Medium,56.5,72.6,111.0,High ($100+),45.7,9.0,Mid (6-15 yrs)
PHY100351,Access-Constrained,Cardiology,West,2 - Standard,Not adopted,1.8,0,222.0,4.0,218.0,3,Medium (2-3/qtr),34.2,Medium,23.4,73.7,67.0,Medium ($50-100),17.1,18.0,Senior (16+ yrs)
PHY100352,Access-Constrained,Primary Care,Northeast,3 - Restricted (high copay),Not adopted,1.2,0,176.0,2.0,174.0,2,Medium (2-3/qtr),42.8,Medium,48.6,40.5,101.0,High ($100+),28.6,18.0,Senior (16+ yrs)
PHY100353,Access-Constrained,Primary Care,Northeast,2 - Standard,Not adopted,2.4,0,112.0,3.0,109.0,2,Medium (2-3/qtr),47.8,Medium,26.6,60.4,89.0,Medium ($50-100),54.1,1.0,Early (0-5 yrs)
PHY100354,Access-Constrained,Primary Care,South,3 - Restricted (high copay),Not adopted,1.5,0,172.0,3.0,169.0,2,Medium (2-3/qtr),60.7,Medium,27.6,45.7,73.0,Medium ($50-100),43.4,22.0,Senior (16+ yrs)
PHY100355,Advocates (High Adopters),Primary Care,Northeast,1 - Preferred (low copay),Not adopted,7.3,0,184.0,13.0,171.0,5,High (4+/qtr),22.8,Low,82.9,54.8,49.0,Low ($0-50),33.4,1.0,Early (0-5 yrs)
PHY100356,Access-Constrained,Primary Care,Northeast,2 - Standard,Not adopted,1.9,0,187.0,4.0,183.0,1,Low (0-1/qtr),35.0,Medium,51.2,27.1,117.0,High ($100+),44.7,10.0,Mid (6-15 yrs)
PHY100357,Advocates (High Adopters),Primary Care,Northeast,1 - Preferred (low copay),Not adopted,15.5,0,190.0,29.0,161.0,5,High (4+/qtr),46.5,Medium,54.1,62.4,73.0,Medium ($50-100),37.1,21.0,Senior (16+ yrs)
PHY100358,Access-Constrained,Primary Care,Midwest,2 - Standard,Not adopted,1.6,0,242.0,4.0,238.0,0,Low (0-1/qtr),45.7,Medium,9.8,17.2,81.0,Medium ($50-100),38.2,12.0,Mid (6-15 yrs)
PHY100359,"White Space (High Potential, Under-Engaged)",Primary Care,South,1 - Preferred (low copay),Adopted,38.4,1,115.0,44.0,71.0,2,Medium (2-3/qtr),90.4,High,38.1,13.4,63.0,Medium ($50-100),47.9,4.0,Early (0-5 yrs)
PHY100360,Advocates (High Adopters),Internal Medicine,Northeast,1 - Preferred (low copay),Not adopted,14.2,0,191.0,27.0,164.0,5,High (4+/qtr),55.1,Medium,59.2,47.6,75.0,Medium ($50-100),27.1,6.0,Mid (6-15 yrs)
PHY100361,Access-Constrained,Cardiology,South,3 - Restricted (high copay),Not adopted,3.5,0,257.0,9.0,248.0,5,High (4+/qtr),14.5,Low,53.9,45.8,129.0,High ($100+),38.6,21.0,Senior (16+ yrs)
PHY100362,Access-Constrained,Cardiology,West,2 - Standard,Not adopted,5.9,0,76.0,4.0,72.0,3,Medium (2-3/qtr),59.2,Medium,6.9,55.4,71.0,Medium ($50-100),33.3,1.0,Early (0-5 yrs)
PHY100363,"White Space (High Potential, Under-Engaged)",Cardiology,Northeast,1 - Preferred (low copay),Adopted,24.8,1,191.0,47.0,144.0,1,Low (0-1/qtr),62.0,Medium,54.1,37.0,98.0,Medium ($50-100),14.2,22.0,Senior (16+ yrs)
PHY100364,"White Space (High Potential, Under-Engaged)",Primary Care,Northeast,1 - Preferred (low copay),Not adopted,1.7,0,145.0,2.0,143.0,2,Medium (2-3/qtr),47.2,Medium,57.3,87.7,93.0,Medium ($50-100),24.2,14.0,Mid (6-15 yrs)
PHY100365,Access-Constrained,Primary Care,West,2 - Standard,Not adopted,1.6,0,158.0,3.0,155.0,1,Low (0-1/qtr),23.3,Low,75.7,53.2,102.0,High ($100+),61.5,6.0,Mid (6-15 yrs)
PHY100366,"White Space (High Potential, Under-Engaged)",Primary Care,West,2 - Standard,Not adopted,10.7,0,126.0,13.0,113.0,0,Low (0-1/qtr),88.7,High,36.9,54.7,64.0,Medium ($50-100),43.8,10.0,Mid (6-15 yrs)
PHY100367,"White Space (High Potential, Under-Engaged)",Primary Care,South,1 - Preferred (low copay),Not adopted,2.6,0,170.0,4.0,166.0,3,Medium (2-3/qtr),26.5,Low,5.2,53.9,34.0,Low ($0-50),18.1,7.0,Mid (6-15 yrs)
PHY100368,Access-Constrained,Endocrinology,West,2 - Standard,Not adopted,5.2,0,290.0,15.0,275.0,0,Low (0-1/qtr),64.5,Medium,30.1,70.1,77.0,Medium ($50-100),14.9,20.0,Senior (16+ yrs)
PHY100369,Advocates (High Adopters),Internal Medicine,Northeast,1 - Preferred (low copay),Not adopted,6.7,0,104.0,7.0,97.0,4,High (4+/qtr),54.4,Medium,28.1,61.5,62.0,Medium ($50-100),36.3,19.0,Senior (16+ yrs)
PHY100370,"White Space (High Potential, Under-Engaged)",Primary Care,Midwest,2 - Standard,Not adopted,8.6,0,110.0,9.0,101.0,3,Medium (2-3/qtr),63.2,Medium,64.7,58.8,41.0,Low ($0-50),61.4,2.0,Early (0-5 yrs)
PHY100371,Advocates (High Adopters),Endocrinology,South,2 - Standard,Not adopted,2.9,0,102.0,3.0,99.0,6,High (4+/qtr),87.6,High,0.0,64.7,97.0,Medium ($50-100),35.2,11.0,Mid (6-15 yrs)
PHY100372,Advocates (High Adopters),Endocrinology,Midwest,1 - Preferred (low copay),Not adopted,14.8,0,284.0,42.0,242.0,6,High (4+/qtr),62.4,Medium,41.0,13.5,92.0,Medium ($50-100),57.6,8.0,Mid (6-15 yrs)
PHY100373,Advocates (High Adopters),Endocrinology,South,1 - Preferred (low copay),Not adopted,18.7,0,152.0,28.0,124.0,3,Medium (2-3/qtr),37.7,Medium,78.5,14.3,74.0,Medium ($50-100),43.3,23.0,Senior (16+ yrs)
PHY100374,"White Space (High Potential, Under-Engaged)",Cardiology,South,1 - Preferred (low copay),Adopted,39.9,1,178.0,71.0,107.0,3,Medium (2-3/qtr),74.3,High,50.1,48.5,43.0,Low ($0-50),45.1,5.0,Early (0-5 yrs)
PHY100375,Advocates (High Adopters),Cardiology,South,1 - Preferred (low copay),Adopted,37.4,1,156.0,58.0,98.0,4,High (4+/qtr),36.1,Medium,67.9,46.0,40.0,Low ($0-50),18.0,25.0,Senior (16+ yrs)
PHY100376,Access-Constrained,Internal Medicine,South,2 - Standard,Not adopted,2.8,0,123.0,3.0,120.0,4,High (4+/qtr),53.6,Medium,17.2,61.6,92.0,Medium ($50-100),52.1,14.0,Mid (6-15 yrs)
PHY100377,Access-Constrained,Primary Care,Midwest,3 - Restricted (high copay),Not adopted,0.5,0,166.0,1.0,165.0,4,High (4+/qtr),21.6,Low,18.0,50.4,106.0,High ($100+),33.0,6.0,Mid (6-15 yrs)
PHY100378,Access-Constrained,Endocrinology,Northeast,3 - Restricted (high copay),Not adopted,1.2,0,327.0,4.0,323.0,2,Medium (2-3/qtr),27.3,Low,78.7,61.6,121.0,High ($100+),50.9,9.0,Mid (6-15 yrs)
PHY100379,Advocates (High Adopters),Primary Care,Northeast,2 - Standard,Not adopted,10.3,0,264.0,27.0,237.0,4,High (4+/qtr),51.1,Medium,52.0,25.1,100.0,Medium ($50-100),25.8,8.0,Mid (6-15 yrs)
PHY100380,Access-Constrained,Primary Care,South,2 - Standard,Not adopted,2.8,0,129.0,4.0,125.0,4,High (4+/qtr),58.1,Medium,52.1,49.8,112.0,High ($100+),40.7,5.0,Early (0-5 yrs)
PHY100381,Access-Constrained,Internal Medicine,Northeast,2 - Standard,Not adopted,8.3,0,219.0,18.0,201.0,3,Medium (2-3/qtr),12.5,Low,27.6,23.2,57.0,Medium ($50-100),43.3,15.0,Mid (6-15 yrs)
PHY100382,Access-Constrained,Primary Care,Northeast,3 - Restricted (high copay),Not adopted,2.9,0,130.0,4.0,126.0,5,High (4+/qtr),60.9,Medium,52.0,57.7,116.0,High ($100+),35.7,5.0,Early (0-5 yrs)
PHY100383,Advocates (High Adopters),Primary Care,Northeast,1 - Preferred (low copay),Not adopted,10.9,0,73.0,8.0,65.0,5,High (4+/qtr),32.0,Low,27.1,12.4,51.0,Medium ($50-100),44.1,1.0,Early (0-5 yrs)
PHY100384,Advocates (High Adopters),Endocrinology,Northeast,1 - Preferred (low copay),Not adopted,41.4,0,241.0,100.0,141.0,5,High (4+/qtr),78.2,High,73.7,57.0,58.0,Medium ($50-100),34.0,11.0,Mid (6-15 yrs)
PHY100385,Access-Constrained,Internal Medicine,West,2 - Standard,Not adopted,22.9,0,250.0,57.0,193.0,4,High (4+/qtr),42.3,Medium,100.0,20.6,107.0,High ($100+),28.3,1.0,Early (0-5 yrs)
PHY100386,"White Space (High Potential, Under-Engaged)",Primary Care,Midwest,1 - Preferred (low copay),Not adopted,2.1,0,243.0,5.0,238.0,2,Medium (2-3/qtr),25.3,Low,59.7,42.3,84.0,Medium ($50-100),62.1,9.0,Mid (6-15 yrs)
PHY100387,Access-Constrained,Internal Medicine,West,2 - Standard,Not adopted,1.0,0,152.0,2.0,150.0,3,Medium (2-3/qtr),51.7,Medium,37.3,67.9,120.0,High ($100+),53.7,8.0,Mid (6-15 yrs)
PHY100388,Access-Constrained,Cardiology,Northeast,3 - Restricted (high copay),Not adopted,1.2,0,170.0,2.0,168.0,3,Medium (2-3/qtr),29.8,Low,0.0,54.5,121.0,High ($100+),26.6,8.0,Mid (6-15 yrs)
PHY100389,Access-Constrained,Internal Medicine,South,3 - Restricted (high copay),Not adopted,4.4,0,225.0,10.0,215.0,3,Medium (2-3/qtr),77.9,High,16.3,17.1,107.0,High ($100+),46.5,28.0,Senior (16+ yrs)
PHY100390,"White Space (High Potential, Under-Engaged)",Primary Care,Midwest,1 - Preferred (low copay),Not adopted,16.7,0,203.0,34.0,169.0,3,Medium (2-3/qtr),50.0,Medium,81.1,36.6,54.0,Medium ($50-100),26.9,14.0,Mid (6-15 yrs)
PHY100391,Advocates (High Adopters),Cardiology,Midwest,2 - Standard,Not adopted,26.0,0,156.0,41.0,115.0,5,High (4+/qtr),46.7,Medium,29.4,20.0,42.0,Low ($0-50),20.2,16.0,Senior (16+ yrs)
PHY100392,Access-Constrained,Primary Care,West,2 - Standard,Not adopted,3.9,0,83.0,3.0,80.0,1,Low (0-1/qtr),63.0,Medium,42.6,16.1,118.0,High ($100+),53.5,2.0,Early (0-5 yrs)
PHY100393,Access-Constrained,Primary Care,West,2 - Standard,Not adopted,3.3,0,187.0,6.0,181.0,2,Medium (2-3/qtr),27.9,Low,63.1,52.4,77.0,Medium ($50-100),12.4,9.0,Mid (6-15 yrs)
PHY100394,Access-Constrained,Cardiology,West,2 - Standard,Not adopted,3.4,0,245.0,8.0,237.0,2,Medium (2-3/qtr),21.6,Low,79.6,61.2,98.0,Medium ($50-100),51.9,16.0,Senior (16+ yrs)
PHY100395,Advocates (High Adopters),Primary Care,Northeast,1 - Preferred (low copay),Not adopted,14.5,0,108.0,16.0,92.0,4,High (4+/qtr),59.0,Medium,46.0,58.8,77.0,Medium ($50-100),34.2,7.0,Mid (6-15 yrs)
PHY100396,Access-Constrained,Internal Medicine,Northeast,3 - Restricted (high copay),Not adopted,0.5,0,218.0,1.0,217.0,2,Medium (2-3/qtr),25.8,Low,41.9,62.1,79.0,Medium ($50-100),34.8,20.0,Senior (16+ yrs)
PHY100397,Access-Constrained,Endocrinology,South,3 - Restricted (high copay),Not adopted,1.1,0,200.0,2.0,198.0,0,Low (0-1/qtr),25.8,Low,51.4,49.8,87.0,Medium ($50-100),44.1,6.0,Mid (6-15 yrs)
PHY100398,Access-Constrained,Primary Care,Midwest,2 - Standard,Not adopted,4.6,0,225.0,10.0,215.0,4,High (4+/qtr),68.4,High,37.4,44.5,124.0,High ($100+),46.7,12.0,Mid (6-15 yrs)
PHY100399,Access-Constrained,Primary Care,South,2 - Standard,Not adopted,15.5,0,232.0,36.0,196.0,2,Medium (2-3/qtr),61.6,Medium,38.5,28.5,92.0,Medium ($50-100),25.6,10.0,Mid (6-15 yrs)
PHY100400,Advocates (High Adopters),Endocrinology,South,2 - Standard,Not adopted,11.2,0,138.0,15.0,123.0,4,High (4+/qtr),22.4,Low,58.2,41.2,70.0,Medium ($50-100),48.8,15.0,Mid (6-15 yrs)
PHY100401,Advocates (High Adopters),Internal Medicine,South,2 - Standard,Not adopted,7.3,0,83.0,6.0,77.0,4,High (4+/qtr),36.4,Medium,53.7,23.6,82.0,Medium ($50-100),39.7,10.0,Mid (6-15 yrs)
PHY100402,Advocates (High Adopters),Primary Care,West,1 - Preferred (low copay),Adopted,35.2,1,148.0,52.0,96.0,3,Medium (2-3/qtr),30.1,Low,92.6,33.1,87.0,Medium ($50-100),19.2,12.0,Mid (6-15 yrs)
PHY100403,Access-Constrained,Cardiology,South,2 - Standard,Not adopted,6.5,0,233.0,15.0,218.0,0,Low (0-1/qtr),89.1,High,58.8,51.8,108.0,High ($100+),35.5,12.0,Mid (6-15 yrs)
PHY100404,"White Space (High Potential, Under-Engaged)",Internal Medicine,Northeast,1 - Preferred (low copay),Not adopted,36.0,0,147.0,53.0,94.0,1,Low (0-1/qtr),69.9,High,73.0,47.6,23.0,Low ($0-50),58.7,9.0,Mid (6-15 yrs)
PHY100405,Access-Constrained,Internal Medicine,Northeast,3 - Restricted (high copay),Not adopted,0.3,0,138.0,0.0,138.0,2,Medium (2-3/qtr),40.7,Medium,28.6,100.0,151.0,High ($100+),63.1,17.0,Senior (16+ yrs)
PHY100406,Access-Constrained,Endocrinology,South,2 - Standard,Not adopted,7.3,0,71.0,5.0,66.0,1,Low (0-1/qtr),62.7,Medium,60.5,23.1,109.0,High ($100+),48.8,16.0,Senior (16+ yrs)
PHY100407,Access-Constrained,Internal Medicine,South,2 - Standard,Not adopted,5.9,0,285.0,17.0,268.0,4,High (4+/qtr),20.2,Low,35.5,47.5,81.0,Medium ($50-100),20.1,13.0,Mid (6-15 yrs)
PHY100408,Advocates (High Adopters),Cardiology,Midwest,2 - Standard,Not adopted,17.3,0,230.0,40.0,190.0,6,High (4+/qtr),35.2,Medium,57.9,21.5,55.0,Medium ($50-100),45.4,11.0,Mid (6-15 yrs)
PHY100409,Access-Constrained,Internal Medicine,Midwest,3 - Restricted (high copay),Not adopted,3.8,0,226.0,9.0,217.0,2,Medium (2-3/qtr),52.3,Medium,63.8,42.2,136.0,High ($100+),50.8,20.0,Senior (16+ yrs)
PHY100410,"White Space (High Potential, Under-Engaged)",Primary Care,South,1 - Preferred (low copay),Not adopted,4.9,0,238.0,12.0,226.0,3,Medium (2-3/qtr),59.9,Medium,51.0,43.1,72.0,Medium ($50-100),48.9,12.0,Mid (6-15 yrs)
PHY100411,"White Space (High Potential, Under-Engaged)",Primary Care,West,1 - Preferred (low copay),Not adopted,26.8,0,215.0,58.0,157.0,4,High (4+/qtr),47.9,Medium,98.1,66.9,24.0,Low ($0-50),49.8,12.0,Mid (6-15 yrs)
PHY100412,Advocates (High Adopters),Cardiology,South,1 - Preferred (low copay),Adopted,39.5,1,165.0,65.0,100.0,4,High (4+/qtr),55.5,Medium,78.6,41.0,54.0,Medium ($50-100),43.4,15.0,Mid (6-15 yrs)
PHY100413,Access-Constrained,Internal Medicine,Midwest,2 - Standard,Not adopted,8.3,0,170.0,14.0,156.0,4,High (4+/qtr),51.7,Medium,73.5,46.2,163.0,High ($100+),36.9,26.0,Senior (16+ yrs)
PHY100414,Access-Constrained,Cardiology,Midwest,3 - Restricted (high copay),Not adopted,11.2,0,154.0,17.0,137.0,7,High (4+/qtr),46.4,Medium,65.3,41.4,110.0,High ($100+),28.9,5.0,Early (0-5 yrs)
PHY100415,"White Space (High Potential, Under-Engaged)",Endocrinology,South,1 - Preferred (low copay),Adopted,60.7,1,338.0,205.0,133.0,0,Low (0-1/qtr),43.5,Medium,85.3,22.0,41.0,Low ($0-50),9.5,19.0,Senior (16+ yrs)
PHY100416,Access-Constrained,Cardiology,Midwest,3 - Restricted (high copay),Not adopted,3.3,0,213.0,7.0,206.0,3,Medium (2-3/qtr),40.6,Medium,21.3,37.0,85.0,Medium ($50-100),43.1,1.0,Early (0-5 yrs)
PHY100417,Advocates (High Adopters),Primary Care,South,1 - Preferred (low copay),Not adopted,20.9,0,152.0,32.0,120.0,6,High (4+/qtr),55.1,Medium,77.4,42.4,104.0,High ($100+),40.8,16.0,Senior (16+ yrs)
PHY100418,Access-Constrained,Cardiology,South,2 - Standard,Not adopted,5.5,0,208.0,11.0,197.0,1,Low (0-1/qtr),59.0,Medium,30.2,51.5,106.0,High ($100+),46.4,25.0,Senior (16+ yrs)
PHY100419,Advocates (High Adopters),Internal Medicine,Northeast,1 - Preferred (low copay),Not adopted,11.5,0,119.0,14.0,105.0,4,High (4+/qtr),54.4,Medium,38.7,61.2,95.0,Medium ($50-100),17.9,17.0,Senior (16+ yrs)
PHY100420,Access-Constrained,Primary Care,Northeast,2 - Standard,Not adopted,3.6,0,270.0,10.0,260.0,1,Low (0-1/qtr),24.1,Low,61.2,45.3,91.0,Medium ($50-100),47.7,15.0,Mid (6-15 yrs)
PHY100421,Access-Constrained,Cardiology,Northeast,2 - Standard,Not adopted,1.5,0,140.0,2.0,138.0,3,Medium (2-3/qtr),28.0,Low,74.7,45.0,116.0,High ($100+),68.8,10.0,Mid (6-15 yrs)
PHY100422,Advocates (High Adopters),Cardiology,West,2 - Standard,Not adopted,16.3,0,210.0,34.0,176.0,5,High (4+/qtr),58.8,Medium,26.9,15.6,64.0,Medium ($50-100),39.2,14.0,Mid (6-15 yrs)
PHY100423,"White Space (High Potential, Under-Engaged)",Cardiology,South,1 - Preferred (low copay),Not adopted,29.4,0,244.0,72.0,172.0,1,Low (0-1/qtr),82.4,High,39.7,60.8,64.0,Medium ($50-100),37.1,12.0,Mid (6-15 yrs)
PHY100424,Access-Constrained,Primary Care,Northeast,3 - Restricted (high copay),Not adopted,1.2,0,203.0,2.0,201.0,3,Medium (2-3/qtr),53.4,Medium,52.0,36.1,117.0,High ($100+),42.6,8.0,Mid (6-15 yrs)
PHY100425,Access-Constrained,Internal Medicine,West,3 - Restricted (high copay),Not adopted,0.9,0,186.0,2.0,184.0,2,Medium (2-3/qtr),40.9,Medium,46.3,64.9,145.0,High ($100+),68.5,12.0,Mid (6-15 yrs)
PHY100426,Access-Constrained,Endocrinology,South,2 - Standard,Not adopted,14.1,0,181.0,26.0,155.0,3,Medium (2-3/qtr),54.9,Medium,67.1,76.3,93.0,Medium ($50-100),22.6,15.0,Mid (6-15 yrs)
PHY100427,Advocates (High Adopters),Internal Medicine,South,2 - Standard,Not adopted,9.3,0,177.0,16.0,161.0,3,Medium (2-3/qtr),25.0,Low,100.0,46.2,69.0,Medium ($50-100),41.0,9.0,Mid (6-15 yrs)
PHY100428,Access-Constrained,Cardiology,West,3 - Restricted (high copay),Not adopted,3.9,0,145.0,6.0,139.0,3,Medium (2-3/qtr),78.8,High,58.4,29.5,112.0,High ($100+),26.0,8.0,Mid (6-15 yrs)
PHY100429,"White Space (High Potential, Under-Engaged)",Internal Medicine,Northeast,1 - Preferred (low copay),Not adopted,9.9,0,153.0,15.0,138.0,0,Low (0-1/qtr),54.1,Medium,35.3,49.7,18.0,Low ($0-50),29.8,4.0,Early (0-5 yrs)
PHY100430,Access-Constrained,Internal Medicine,Northeast,3 - Restricted (high copay),Not adopted,4.0,0,269.0,11.0,258.0,1,Low (0-1/qtr),35.3,Medium,24.1,57.0,52.0,Medium ($50-100),37.3,17.0,Senior (16+ yrs)
PHY100431,"White Space (High Potential, Under-Engaged)",Primary Care,South,1 - Preferred (low copay),Not adopted,4.5,0,173.0,8.0,165.0,3,Medium (2-3/qtr),46.3,Medium,43.5,43.7,81.0,Medium ($50-100),58.2,18.0,Senior (16+ yrs)
PHY100432,Access-Constrained,Primary Care,Northeast,3 - Restricted (high copay),Not adopted,0.7,0,133.0,1.0,132.0,2,Medium (2-3/qtr),38.4,Medium,31.2,38.7,101.0,High ($100+),65.0,16.0,Senior (16+ yrs)
PHY100433,"White Space (High Potential, Under-Engaged)",Internal Medicine,South,1 - Preferred (low copay),Not adopted,17.0,0,149.0,25.0,124.0,4,High (4+/qtr),78.9,High,59.4,61.3,53.0,Medium ($50-100),44.7,21.0,Senior (16+ yrs)
PHY100434,Advocates (High Adopters),Cardiology,Northeast,1 - Preferred (low copay),Adopted,38.9,1,246.0,96.0,150.0,4,High (4+/qtr),45.6,Medium,59.0,60.0,81.0,Medium ($50-100),32.4,15.0,Mid (6-15 yrs)
PHY100435,Access-Constrained,Cardiology,Northeast,2 - Standard,Not adopted,3.2,0,221.0,7.0,214.0,4,High (4+/qtr),53.4,Medium,40.7,43.1,120.0,High ($100+),75.4,17.0,Senior (16+ yrs)
PHY100436,Access-Constrained,Cardiology,Northeast,2 - Standard,Not adopted,23.0,0,214.0,49.0,165.0,2,Medium (2-3/qtr),62.6,Medium,89.7,16.9,98.0,Medium ($50-100),31.6,16.0,Senior (16+ yrs)
PHY100437,Access-Constrained,Primary Care,Midwest,3 - Restricted (high copay),Not adopted,1.0,0,165.0,2.0,163.0,2,Medium (2-3/qtr),33.7,Medium,35.3,59.1,158.0,High ($100+),29.4,13.0,Mid (6-15 yrs)
PHY100438,Access-Constrained,Primary Care,Northeast,3 - Restricted (high copay),Not adopted,6.0,0,214.0,13.0,201.0,3,Medium (2-3/qtr),54.3,Medium,47.6,34.7,123.0,High ($100+),11.4,10.0,Mid (6-15 yrs)
PHY100439,"White Space (High Potential, Under-Engaged)",Primary Care,Northeast,1 - Preferred (low copay),Not adopted,7.7,0,141.0,11.0,130.0,2,Medium (2-3/qtr),56.0,Medium,62.8,54.3,68.0,Medium ($50-100),58.9,29.0,Senior (16+ yrs)
PHY100440,Advocates (High Adopters),Internal Medicine,West,1 - Preferred (low copay),Not adopted,8.0,0,164.0,13.0,151.0,6,High (4+/qtr),15.8,Low,67.8,53.0,66.0,Medium ($50-100),52.5,11.0,Mid (6-15 yrs)
PHY100441,Advocates (High Adopters),Cardiology,Midwest,2 - Standard,Not adopted,43.7,0,238.0,104.0,134.0,4,High (4+/qtr),55.6,Medium,75.6,12.2,53.0,Medium ($50-100),74.3,9.0,Mid (6-15 yrs)
PHY100442,Advocates (High Adopters),Primary Care,Midwest,2 - Standard,Not adopted,7.4,0,232.0,17.0,215.0,6,High (4+/qtr),49.0,Medium,58.6,51.6,109.0,High ($100+),17.2,17.0,Senior (16+ yrs)
PHY100443,"White Space (High Potential, Under-Engaged)",Cardiology,Northeast,2 - Standard,Not adopted,6.9,0,121.0,8.0,113.0,2,Medium (2-3/qtr),52.9,Medium,71.0,60.3,24.0,Low ($0-50),59.9,16.0,Senior (16+ yrs)
PHY100444,Access-Constrained,Endocrinology,Midwest,3 - Restricted (high copay),Not adopted,1.2,0,129.0,2.0,127.0,5,High (4+/qtr),50.8,Medium,36.7,62.7,95.0,Medium ($50-100),39.1,4.0,Early (0-5 yrs)
PHY100445,Access-Constrained,Primary Care,Midwest,3 - Restricted (high copay),Not adopted,2.4,0,187.0,4.0,183.0,4,High (4+/qtr),55.7,Medium,68.4,52.3,111.0,High ($100+),50.1,22.0,Senior (16+ yrs)
PHY100446,"White Space (High Potential, Under-Engaged)",Internal Medicine,South,1 - Preferred (low copay),Not adopted,35.4,0,284.0,101.0,183.0,1,Low (0-1/qtr),79.4,High,68.1,10.5,40.0,Low ($0-50),13.3,13.0,Mid (6-15 yrs)
PHY100447,"White Space (High Potential, Under-Engaged)",Primary Care,Northeast,2 - Standard,Not adopted,0.7,0,65.0,0.0,65.0,0,Low (0-1/qtr),24.1,Low,80.3,75.5,74.0,Medium ($50-100),60.0,6.0,Mid (6-15 yrs)
PHY100448,Access-Constrained,Cardiology,West,2 - Standard,Not adopted,0.7,0,197.0,1.0,196.0,1,Low (0-1/qtr),42.5,Medium,16.6,58.2,131.0,High ($100+),49.8,22.0,Senior (16+ yrs)
PHY100449,Access-Constrained,Primary Care,West,2 - Standard,Not adopted,2.0,0,97.0,2.0,95.0,2,Medium (2-3/qtr),64.7,Medium,31.9,25.9,113.0,High ($100+),37.4,18.0,Senior (16+ yrs)
PHY100450,"White Space (High Potential, Under-Engaged)",Cardiology,Northeast,1 - Preferred (low copay),Not adopted,30.3,0,142.0,43.0,99.0,2,Medium (2-3/qtr),60.6,Medium,66.5,34.2,43.0,Low ($0-50),47.7,5.0,Early (0-5 yrs)
PHY100451,Access-Constrained,Internal Medicine,Northeast,2 - Standard,Not adopted,3.6,0,158.0,6.0,152.0,0,Low (0-1/qtr),60.1,Medium,0.0,54.6,73.0,Medium ($50-100),26.5,26.0,Senior (16+ yrs)
PHY100452,"White Space (High Potential, Under-Engaged)",Primary Care,Northeast,2 - Standard,Not adopted,15.6,0,155.0,24.0,131.0,3,Medium (2-3/qtr),100.0,High,59.8,63.6,53.0,Medium ($50-100),29.3,19.0,Senior (16+ yrs)
PHY100453,"White Space (High Potential, Under-Engaged)",Cardiology,South,1 - Preferred (low copay),Adopted,29.9,1,148.0,44.0,104.0,3,Medium (2-3/qtr),63.5,Medium,71.2,40.2,78.0,Medium ($50-100),31.0,14.0,Mid (6-15 yrs)
PHY100454,Access-Constrained,Cardiology,Northeast,3 - Restricted (high copay),Not adopted,6.1,0,180.0,11.0,169.0,3,Medium (2-3/qtr),74.9,High,38.5,66.5,104.0,High ($100+),10.2,25.0,Senior (16+ yrs)
PHY100455,"White Space (High Potential, Under-Engaged)",Cardiology,West,2 - Standard,Not adopted,11.3,0,148.0,17.0,131.0,0,Low (0-1/qtr),43.2,Medium,41.4,14.1,36.0,Low ($0-50),50.9,15.0,Mid (6-15 yrs)
PHY100456,Access-Constrained,Internal Medicine,South,2 - Standard,Not adopted,2.8,0,92.0,3.0,89.0,1,Low (0-1/qtr),28.2,Low,28.5,29.2,88.0,Medium ($50-100),55.9,14.0,Mid (6-15 yrs)
PHY100457,Access-Constrained,Primary Care,West,2 - Standard,Not adopted,9.2,0,227.0,21.0,206.0,4,High (4+/qtr),43.1,Medium,39.6,8.7,96.0,Medium ($50-100),27.5,9.0,Mid (6-15 yrs)
PHY100458,Access-Constrained,Primary Care,South,3 - Restricted (high copay),Not adopted,2.0,0,225.0,4.0,221.0,1,Low (0-1/qtr),65.7,Medium,40.1,32.1,134.0,High ($100+),43.2,18.0,Senior (16+ yrs)
PHY100459,"White Space (High Potential, Under-Engaged)",Primary Care,West,1 - Preferred (low copay),Not adopted,21.4,0,231.0,49.0,182.0,4,High (4+/qtr),59.0,Medium,36.3,80.2,58.0,Medium ($50-100),34.0,17.0,Senior (16+ yrs)
PHY100460,"White Space (High Potential, Under-Engaged)",Primary Care,Northeast,1 - Preferred (low copay),Not adopted,8.0,0,88.0,7.0,81.0,3,Medium (2-3/qtr),58.9,Medium,35.2,91.2,51.0,Medium ($50-100),42.9,14.0,Mid (6-15 yrs)
PHY100461,Access-Constrained,Cardiology,Midwest,2 - Standard,Not adopted,2.2,0,198.0,4.0,194.0,3,Medium (2-3/qtr),45.3,Medium,44.6,54.7,135.0,High ($100+),28.6,8.0,Mid (6-15 yrs)
PHY100462,Access-Constrained,Internal Medicine,Midwest,2 - Standard,Not adopted,5.5,0,221.0,12.0,209.0,1,Low (0-1/qtr),41.8,Medium,44.3,37.2,85.0,Medium ($50-100),24.7,15.0,Mid (6-15 yrs)
PHY100463,"White Space (High Potential, Under-Engaged)",Endocrinology,West,1 - Preferred (low copay),Not adopted,10.9,0,118.0,13.0,105.0,0,Low (0-1/qtr),46.0,Medium,87.5,45.6,78.0,Medium ($50-100),53.8,14.0,Mid (6-15 yrs)
PHY100464,Access-Constrained,Primary Care,South,3 - Restricted (high copay),Not adopted,4.7,0,181.0,9.0,172.0,6,High (4+/qtr),65.9,Medium,42.1,59.5,97.0,Medium ($50-100),37.0,5.0,Early (0-5 yrs)
PHY100465,Advocates (High Adopters),Primary Care,West,1 - Preferred (low copay),Not adopted,16.9,0,173.0,29.0,144.0,5,High (4+/qtr),68.5,High,56.9,18.7,77.0,Medium ($50-100),68.3,4.0,Early (0-5 yrs)
PHY100466,"White Space (High Potential, Under-Engaged)",Primary Care,Northeast,1 - Preferred (low copay),Not adopted,5.6,0,291.0,16.0,275.0,3,Medium (2-3/qtr),27.9,Low,38.5,38.6,24.0,Low ($0-50),38.7,18.0,Senior (16+ yrs)
PHY100467,Advocates (High Adopters),Internal Medicine,West,2 - Standard,Adopted,5.8,1,295.0,17.0,278.0,4,High (4+/qtr),66.8,High,38.2,78.7,73.0,Medium ($50-100),24.1,1.0,Early (0-5 yrs)
PHY100468,Access-Constrained,Cardiology,South,3 - Restricted (high copay),Not adopted,4.7,0,80.0,4.0,76.0,3,Medium (2-3/qtr),35.7,Medium,15.9,29.1,80.0,Medium ($50-100),56.4,15.0,Mid (6-15 yrs)
PHY100469,Access-Constrained,Primary Care,South,3 - Restricted (high copay),Not adopted,1.9,0,330.0,6.0,324.0,2,Medium (2-3/qtr),60.3,Medium,18.6,35.0,95.0,Medium ($50-100),47.5,11.0,Mid (6-15 yrs)
PHY100470,Access-Constrained,Primary Care,West,2 - Standard,Not adopted,1.9,0,125.0,2.0,123.0,1,Low (0-1/qtr),45.8,Medium,25.9,50.3,116.0,High ($100+),48.9,23.0,Senior (16+ yrs)
PHY100471,Advocates (High Adopters),Primary Care,Midwest,2 - Standard,Not adopted,13.5,0,239.0,32.0,207.0,5,High (4+/qtr),84.4,High,53.7,55.7,70.0,Medium ($50-100),55.9,11.0,Mid (6-15 yrs)
PHY100472,Advocates (High Adopters),Cardiology,Midwest,2 - Standard,Not adopted,22.6,0,238.0,54.0,184.0,5,High (4+/qtr),40.8,Medium,71.5,37.5,103.0,High ($100+),28.2,19.0,Senior (16+ yrs)
PHY100473,Access-Constrained,Cardiology,South,2 - Standard,Not adopted,1.6,0,120.0,2.0,118.0,2,Medium (2-3/qtr),53.9,Medium,14.3,51.5,123.0,High ($100+),36.1,11.0,Mid (6-15 yrs)
PHY100474,"White Space (High Potential, Under-Engaged)",Endocrinology,Northeast,1 - Preferred (low copay),Not adopted,22.5,0,210.0,47.0,163.0,2,Medium (2-3/qtr),63.3,Medium,39.0,62.2,59.0,Medium ($50-100),35.4,15.0,Mid (6-15 yrs)
PHY100475,Access-Constrained,Endocrinology,Midwest,2 - Standard,Not adopted,1.6,0,174.0,3.0,171.0,2,Medium (2-3/qtr),30.8,Low,22.7,89.2,110.0,High ($100+),18.6,19.0,Senior (16+ yrs)
PHY100476,Access-Constrained,Primary Care,Northeast,3 - Restricted (high copay),Not adopted,1.6,0,213.0,3.0,210.0,3,Medium (2-3/qtr),48.4,Medium,44.7,47.5,123.0,High ($100+),34.0,11.0,Mid (6-15 yrs)
PHY100477,Access-Constrained,Primary Care,Northeast,2 - Standard,Not adopted,5.6,0,194.0,11.0,183.0,2,Medium (2-3/qtr),44.1,Medium,71.5,49.2,88.0,Medium ($50-100),58.0,21.0,Senior (16+ yrs)
PHY100478,Access-Constrained,Primary Care,West,2 - Standard,Not adopted,3.2,0,252.0,8.0,244.0,3,Medium (2-3/qtr),38.7,Medium,41.1,80.5,104.0,High ($100+),41.6,7.0,Mid (6-15 yrs)
PHY100479,Advocates (High Adopters),Primary Care,South,2 - Standard,Not adopted,8.5,0,185.0,16.0,169.0,7,High (4+/qtr),40.3,Medium,49.0,39.0,131.0,High ($100+),17.8,16.0,Senior (16+ yrs)
PHY100480,Access-Constrained,Primary Care,Midwest,2 - Standard,Not adopted,30.6,0,170.0,52.0,118.0,3,Medium (2-3/qtr),74.5,High,79.1,23.5,69.0,Medium ($50-100),14.7,20.0,Senior (16+ yrs)
PHY100481,"White Space (High Potential, Under-Engaged)",Cardiology,Midwest,1 - Preferred (low copay),Not adopted,19.2,0,246.0,47.0,199.0,2,Medium (2-3/qtr),36.8,Medium,59.2,55.0,36.0,Low ($0-50),63.0,19.0,Senior (16+ yrs)
PHY100482,"White Space (High Potential, Under-Engaged)",Primary Care,Midwest,2 - Standard,Not adopted,3.0,0,215.0,6.0,209.0,0,Low (0-1/qtr),62.5,Medium,34.8,71.5,60.0,Medium ($50-100),36.6,27.0,Senior (16+ yrs)
PHY100483,Access-Constrained,Endocrinology,South,3 - Restricted (high copay),Not adopted,2.2,0,224.0,5.0,219.0,5,High (4+/qtr),56.9,Medium,53.2,57.2,135.0,High ($100+),28.3,9.0,Mid (6-15 yrs)
PHY100484,Access-Constrained,Cardiology,West,1 - Preferred (low copay),Not adopted,5.4,0,140.0,8.0,132.0,3,Medium (2-3/qtr),19.3,Low,33.4,48.1,88.0,Medium ($50-100),33.9,4.0,Early (0-5 yrs)
PHY100485,Advocates (High Adopters),Primary Care,West,2 - Standard,Not adopted,17.0,0,117.0,20.0,97.0,4,High (4+/qtr),61.4,Medium,58.4,21.0,72.0,Medium ($50-100),15.8,7.0,Mid (6-15 yrs)
PHY100486,"White Space (High Potential, Under-Engaged)",Primary Care,Midwest,1 - Preferred (low copay),Not adopted,22.5,0,146.0,33.0,113.0,1,Low (0-1/qtr),18.9,Low,60.3,48.8,7.0,Low ($0-50),59.3,19.0,Senior (16+ yrs)
PHY100487,"White Space (High Potential, Under-Engaged)",Endocrinology,Midwest,1 - Preferred (low copay),Not adopted,8.6,0,143.0,12.0,131.0,1,Low (0-1/qtr),63.8,Medium,22.7,74.7,43.0,Low ($0-50),32.1,17.0,Senior (16+ yrs)
PHY100488,Access-Constrained,Primary Care,Midwest,3 - Restricted (high copay),Not adopted,1.9,0,227.0,4.0,223.0,4,High (4+/qtr),38.8,Medium,53.5,25.3,124.0,High ($100+),58.5,15.0,Mid (6-15 yrs)
PHY100489,Advocates (High Adopters),Primary Care,South,2 - Standard,Not adopted,9.4,0,239.0,22.0,217.0,4,High (4+/qtr),50.2,Medium,47.6,45.1,83.0,Medium ($50-100),38.8,6.0,Mid (6-15 yrs)
PHY100490,Advocates (High Adopters),Primary Care,South,2 - Standard,Not adopted,5.6,0,171.0,10.0,161.0,4,High (4+/qtr),21.5,Low,60.9,42.3,90.0,Medium ($50-100),59.4,19.0,Senior (16+ yrs)
PHY100491,Advocates (High Adopters),Primary Care,South,1 - Preferred (low copay),Adopted,55.9,1,266.0,149.0,117.0,6,High (4+/qtr),52.7,Medium,66.6,36.0,47.0,Low ($0-50),41.9,5.0,Early (0-5 yrs)
PHY100492,Access-Constrained,Primary Care,South,3 - Restricted (high copay),Not adopted,2.3,0,262.0,6.0,256.0,4,High (4+/qtr),70.4,High,59.5,55.0,135.0,High ($100+),50.8,22.0,Senior (16+ yrs)
PHY100493,Advocates (High Adopters),Endocrinology,Midwest,1 - Preferred (low copay),Not adopted,11.8,0,195.0,23.0,172.0,4,High (4+/qtr),32.2,Low,43.9,58.9,69.0,Medium ($50-100),48.8,34.0,Senior (16+ yrs)
PHY100494,Access-Constrained,Primary Care,Midwest,2 - Standard,Not adopted,3.8,0,131.0,5.0,126.0,3,Medium (2-3/qtr),36.6,Medium,68.7,58.7,100.0,Medium ($50-100),47.3,17.0,Senior (16+ yrs)
PHY100495,"White Space (High Potential, Under-Engaged)",Primary Care,Midwest,1 - Preferred (low copay),Adopted,8.3,1,275.0,23.0,252.0,1,Low (0-1/qtr),60.0,Medium,32.5,30.5,64.0,Medium ($50-100),43.2,18.0,Senior (16+ yrs)
PHY100496,Advocates (High Adopters),Primary Care,Northeast,1 - Preferred (low copay),Not adopted,9.9,0,176.0,17.0,159.0,6,High (4+/qtr),60.6,Medium,23.6,17.1,73.0,Medium ($50-100),34.5,11.0,Mid (6-15 yrs)
PHY100497,Access-Constrained,Primary Care,Northeast,2 - Standard,Not adopted,0.5,0,188.0,1.0,187.0,4,High (4+/qtr),0.0,Low,0.0,55.2,96.0,Medium ($50-100),66.7,1.0,Early (0-5 yrs)
PHY100498,"White Space (High Potential, Under-Engaged)",Endocrinology,South,1 - Preferred (low copay),Adopted,53.9,1,160.0,86.0,74.0,3,Medium (2-3/qtr),94.3,High,48.6,39.9,37.0,Low ($0-50),24.4,10.0,Mid (6-15 yrs)
PHY100499,Access-Constrained,Primary Care,Midwest,2 - Standard,Not adopted,4.4,0,127.0,6.0,121.0,4,High (4+/qtr),61.6,Medium,33.6,86.8,94.0,Medium ($50-100),38.1,6.0,Mid (6-15 yrs)
PHY100500,Advocates (High Adopters),Primary Care,Northeast,1 - Preferred (low copay),Adopted,6.3,1,92.0,6.0,86.0,5,High (4+/qtr),65.3,Medium,58.0,87.7,80.0,Medium ($50-100),38.2,4.0,Early (0-5 yrs)
PHY100501,Access-Constrained,Internal Medicine,South,2 - Standard,Not adopted,0.5,0,218.0,1.0,217.0,2,Medium (2-3/qtr),46.8,Medium,10.6,89.8,114.0,High ($100+),44.0,26.0,Senior (16+ yrs)
PHY100502,Access-Constrained,Internal Medicine,South,3 - Restricted (high copay),Not adopted,1.8,0,133.0,2.0,131.0,3,Medium (2-3/qtr),9.2,Low,37.1,31.2,120.0,High ($100+),31.6,16.0,Senior (16+ yrs)
PHY100503,Advocates (High Adopters),Primary Care,Midwest,2 - Standard,Not adopted,6.8,0,364.0,25.0,339.0,4,High (4+/qtr),64.8,Medium,59.4,61.4,61.0,Medium ($50-100),42.7,17.0,Senior (16+ yrs)
PHY100504,"White Space (High Potential, Under-Engaged)",Primary Care,West,1 - Preferred (low copay),Not adopted,6.9,0,115.0,8.0,107.0,0,Low (0-1/qtr),37.6,Medium,29.4,67.4,40.0,Low ($0-50),35.5,12.0,Mid (6-15 yrs)
PHY100505,"White Space (High Potential, Under-Engaged)",Primary Care,West,2 - Standard,Not adopted,12.0,0,105.0,13.0,92.0,2,Medium (2-3/qtr),62.0,Medium,58.2,65.2,74.0,Medium ($50-100),14.3,13.0,Mid (6-15 yrs)
PHY100506,Access-Constrained,Endocrinology,South,3 - Restricted (high copay),Not adopted,6.3,0,211.0,13.0,198.0,5,High (4+/qtr),45.2,Medium,38.9,42.9,115.0,High ($100+),38.1,21.0,Senior (16+ yrs)
PHY100507,"White Space (High Potential, Under-Engaged)",Internal Medicine,South,1 - Preferred (low copay),Not adopted,9.6,0,272.0,26.0,246.0,3,Medium (2-3/qtr),55.2,Medium,49.3,75.6,57.0,Medium ($50-100),21.5,14.0,Mid (6-15 yrs)
PHY100508,Advocates (High Adopters),Primary Care,Northeast,1 - Preferred (low copay),Adopted,28.3,1,184.0,52.0,132.0,8,High (4+/qtr),33.0,Low,61.9,50.0,32.0,Low ($0-50),12.0,18.0,Senior (16+ yrs)
PHY100509,Access-Constrained,Cardiology,West,3 - Restricted (high copay),Not adopted,9.1,0,214.0,19.0,195.0,2,Medium (2-3/qtr),69.0,High,69.1,52.6,82.0,Medium ($50-100),40.1,13.0,Mid (6-15 yrs)
PHY100510,Advocates (High Adopters),Cardiology,Midwest,1 - Preferred (low copay),Not adopted,48.7,0,69.0,34.0,35.0,5,High (4+/qtr),23.9,Low,51.8,19.2,8.0,Low ($0-50),45.3,12.0,Mid (6-15 yrs)
PHY100511,"White Space (High Potential, Under-Engaged)",Internal Medicine,West,2 - Standard,Not adopted,15.2,0,139.0,21.0,118.0,2,Medium (2-3/qtr),99.4,High,33.7,62.9,7.0,Low ($0-50),45.9,4.0,Early (0-5 yrs)
PHY100512,Access-Constrained,Cardiology,South,3 - Restricted (high copay),Not adopted,10.1,0,116.0,12.0,104.0,1,Low (0-1/qtr),99.2,High,40.8,44.8,107.0,High ($100+),46.5,1.0,Early (0-5 yrs)
PHY100513,Access-Constrained,Endocrinology,Northeast,1 - Preferred (low copay),Not adopted,30.3,0,66.0,20.0,46.0,2,Medium (2-3/qtr),85.9,High,62.7,59.3,118.0,High ($100+),9.0,12.0,Mid (6-15 yrs)
PHY100514,Access-Constrained,Endocrinology,Northeast,2 - Standard,Not adopted,4.5,0,187.0,8.0,179.0,3,Medium (2-3/qtr),78.1,High,29.6,54.7,130.0,High ($100+),17.6,14.0,Mid (6-15 yrs)
PHY100515,"White Space (High Potential, Under-Engaged)",Cardiology,South,2 - Standard,Not adopted,14.1,0,45.0,6.0,39.0,0,Low (0-1/qtr),48.1,Medium,46.4,53.6,61.0,Medium ($50-100),67.6,5.0,Early (0-5 yrs)
PHY100516,Advocates (High Adopters),Endocrinology,South,2 - Standard,Not adopted,11.9,0,101.0,12.0,89.0,5,High (4+/qtr),75.7,High,42.3,49.1,89.0,Medium ($50-100),22.3,14.0,Mid (6-15 yrs)
PHY100517,Access-Constrained,Primary Care,Northeast,3 - Restricted (high copay),Not adopted,0.8,0,148.0,1.0,147.0,2,Medium (2-3/qtr),47.9,Medium,47.9,65.7,73.0,Medium ($50-100),47.2,14.0,Mid (6-15 yrs)
PHY100518,"White Space (High Potential, Under-Engaged)",Cardiology,South,1 - Preferred (low copay),Adopted,5.0,1,130.0,6.0,124.0,2,Medium (2-3/qtr),15.8,Low,29.8,46.0,27.0,Low ($0-50),27.7,1.0,Early (0-5 yrs)
PHY100519,"White Space (High Potential, Under-Engaged)",Internal Medicine,West,2 - Standard,Not adopted,19.9,0,204.0,41.0,163.0,1,Low (0-1/qtr),83.1,High,13.0,20.9,55.0,Medium ($50-100),39.2,8.0,Mid (6-15 yrs)
PHY100520,Access-Constrained,Internal Medicine,South,3 - Restricted (high copay),Not adopted,18.8,0,198.0,37.0,161.0,5,High (4+/qtr),74.8,High,60.4,61.4,104.0,High ($100+),28.5,17.0,Senior (16+ yrs)
PHY100521,Advocates (High Adopters),Endocrinology,South,1 - Preferred (low copay),Adopted,28.2,1,234.0,66.0,168.0,4,High (4+/qtr),49.3,Medium,69.3,33.8,55.0,Medium ($50-100),46.4,17.0,Senior (16+ yrs)
PHY100522,Access-Constrained,Cardiology,Northeast,3 - Restricted (high copay),Not adopted,2.2,0,225.0,5.0,220.0,1,Low (0-1/qtr),23.0,Low,14.2,23.5,116.0,High ($100+),40.1,6.0,Mid (6-15 yrs)
PHY100523,"White Space (High Potential, Under-Engaged)",Primary Care,West,1 - Preferred (low copay),Adopted,21.6,1,248.0,54.0,194.0,2,Medium (2-3/qtr),37.1,Medium,57.4,29.6,77.0,Medium ($50-100),31.3,15.0,Mid (6-15 yrs)
PHY100524,Advocates (High Adopters),Cardiology,Midwest,2 - Standard,Not adopted,13.6,0,180.0,24.0,156.0,5,High (4+/qtr),9.9,Low,71.7,55.7,77.0,Medium ($50-100),22.2,21.0,Senior (16+ yrs)
PHY100525,Advocates (High Adopters),Endocrinology,West,1 - Preferred (low copay),Adopted,50.1,1,198.0,99.0,99.0,7,High (4+/qtr),70.8,High,61.9,48.1,61.0,Medium ($50-100),42.0,19.0,Senior (16+ yrs)
PHY100526,Advocates (High Adopters),Internal Medicine,Midwest,2 - Standard,Not adopted,16.9,0,211.0,36.0,175.0,6,High (4+/qtr),14.7,Low,41.7,7.3,58.0,Medium ($50-100),19.8,13.0,Mid (6-15 yrs)
PHY100527,Access-Constrained,Internal Medicine,South,3 - Restricted (high copay),Not adopted,5.5,0,188.0,10.0,178.0,5,High (4+/qtr),56.3,Medium,31.1,42.3,76.0,Medium ($50-100),44.4,11.0,Mid (6-15 yrs)
PHY100528,Access-Constrained,Primary Care,Midwest,3 - Restricted (high copay),Not adopted,0.5,0,156.0,1.0,155.0,1,Low (0-1/qtr),31.4,Low,51.6,73.4,73.0,Medium ($50-100),77.4,10.0,Mid (6-15 yrs)
PHY100529,Access-Constrained,Endocrinology,Northeast,3 - Restricted (high copay),Not adopted,3.1,0,160.0,5.0,155.0,4,High (4+/qtr),18.6,Low,55.0,41.0,126.0,High ($100+),58.3,17.0,Senior (16+ yrs)
PHY100530,Advocates (High Adopters),Primary Care,South,2 - Standard,Not adopted,20.3,0,131.0,27.0,104.0,6,High (4+/qtr),55.2,Medium,51.9,46.7,77.0,Medium ($50-100),48.8,15.0,Mid (6-15 yrs)
PHY100531,Access-Constrained,Primary Care,South,3 - Restricted (high copay),Not adopted,2.3,0,205.0,5.0,200.0,4,High (4+/qtr),42.7,Medium,46.4,70.9,63.0,Medium ($50-100),36.7,18.0,Senior (16+ yrs)
PHY100532,Advocates (High Adopters),Endocrinology,South,2 - Standard,Not adopted,12.8,0,174.0,22.0,152.0,8,High (4+/qtr),68.4,High,28.3,65.9,83.0,Medium ($50-100),8.9,15.0,Mid (6-15 yrs)
PHY100533,Access-Constrained,Primary Care,West,3 - Restricted (high copay),Not adopted,3.0,0,140.0,4.0,136.0,4,High (4+/qtr),22.1,Low,58.5,70.4,79.0,Medium ($50-100),18.2,20.0,Senior (16+ yrs)
PHY100534,Access-Constrained,Cardiology,West,2 - Standard,Not adopted,7.2,0,140.0,10.0,130.0,3,Medium (2-3/qtr),33.3,Medium,59.4,0.0,127.0,High ($100+),57.2,15.0,Mid (6-15 yrs)
PHY100535,Access-Constrained,Cardiology,West,3 - Restricted (high copay),Not adopted,0.3,0,107.0,0.0,107.0,2,Medium (2-3/qtr),0.0,Low,54.0,84.7,96.0,Medium ($50-100),26.2,19.0,Senior (16+ yrs)
PHY100536,Advocates (High Adopters),Primary Care,Northeast,1 - Preferred (low copay),Not adopted,6.1,0,239.0,15.0,224.0,3,Medium (2-3/qtr),1.9,Low,52.2,62.7,77.0,Medium ($50-100),27.5,20.0,Senior (16+ yrs)
PHY100537,Access-Constrained,Cardiology,South,2 - Standard,Not adopted,10.0,0,185.0,18.0,167.0,3,Medium (2-3/qtr),89.6,High,83.6,99.2,112.0,High ($100+),35.5,8.0,Mid (6-15 yrs)
PHY100538,"White Space (High Potential, Under-Engaged)",Cardiology,West,2 - Standard,Not adopted,27.9,0,128.0,36.0,92.0,2,Medium (2-3/qtr),95.8,High,37.5,34.4,61.0,Medium ($50-100),22.1,1.0,Early (0-5 yrs)
PHY100539,Advocates (High Adopters),Internal Medicine,Midwest,1 - Preferred (low copay),Adopted,36.4,1,229.0,83.0,146.0,6,High (4+/qtr),52.0,Medium,75.6,14.7,62.0,Medium ($50-100),19.6,25.0,Senior (16+ yrs)
PHY100540,Advocates (High Adopters),Internal Medicine,Northeast,1 - Preferred (low copay),Not adopted,16.5,0,146.0,24.0,122.0,4,High (4+/qtr),31.9,Low,35.3,50.1,74.0,Medium ($50-100),37.2,16.0,Senior (16+ yrs)
PHY100541,Access-Constrained,Primary Care,West,3 - Restricted (high copay),Not adopted,4.2,0,96.0,4.0,92.0,0,Low (0-1/qtr),43.4,Medium,72.2,44.5,113.0,High ($100+),24.6,2.0,Early (0-5 yrs)
PHY100542,Access-Constrained,Internal Medicine,South,2 - Standard,Not adopted,7.7,0,241.0,19.0,222.0,1,Low (0-1/qtr),69.2,High,74.7,63.1,94.0,Medium ($50-100),26.9,9.0,Mid (6-15 yrs)
PHY100543,Advocates (High Adopters),Internal Medicine,South,1 - Preferred (low copay),Not adopted,7.6,0,148.0,11.0,137.0,6,High (4+/qtr),38.7,Medium,44.1,71.5,27.0,Low ($0-50),26.3,19.0,Senior (16+ yrs)
PHY100544,Advocates (High Adopters),Cardiology,West,2 - Standard,Adopted,30.9,1,155.0,48.0,107.0,8,High (4+/qtr),55.2,Medium,83.2,48.3,99.0,Medium ($50-100),45.8,12.0,Mid (6-15 yrs)
PHY100545,"White Space (High Potential, Under-Engaged)",Primary Care,South,2 - Standard,Not adopted,6.4,0,182.0,12.0,170.0,1,Low (0-1/qtr),49.7,Medium,59.4,45.2,73.0,Medium ($50-100),34.5,10.0,Mid (6-15 yrs)
PHY100546,Access-Constrained,Endocrinology,Midwest,2 - Standard,Not adopted,3.5,0,249.0,9.0,240.0,1,Low (0-1/qtr),37.5,Medium,32.5,60.5,94.0,Medium ($50-100),35.3,24.0,Senior (16+ yrs)
PHY100547,Access-Constrained,Cardiology,Midwest,3 - Restricted (high copay),Not adopted,1.5,0,181.0,3.0,178.0,1,Low (0-1/qtr),38.4,Medium,42.5,44.9,133.0,High ($100+),47.0,7.0,Mid (6-15 yrs)
PHY100548,Access-Constrained,Primary Care,Midwest,3 - Restricted (high copay),Not adopted,6.5,0,108.0,7.0,101.0,4,High (4+/qtr),56.5,Medium,72.7,43.2,127.0,High ($100+),35.9,8.0,Mid (6-15 yrs)
PHY100549,Access-Constrained,Primary Care,Northeast,2 - Standard,Not adopted,2.8,0,213.0,6.0,207.0,0,Low (0-1/qtr),28.5,Low,68.5,70.7,94.0,Medium ($50-100),33.8,15.0,Mid (6-15 yrs)
PHY100550,Advocates (High Adopters),Primary Care,West,2 - Standard,Not adopted,2.9,0,151.0,4.0,147.0,5,High (4+/qtr),59.9,Medium,28.8,75.2,101.0,High ($100+),45.1,17.0,Senior (16+ yrs)
PHY100551,Access-Constrained,Cardiology,West,2 - Standard,Not adopted,3.8,0,293.0,11.0,282.0,3,Medium (2-3/qtr),39.6,Medium,47.2,71.7,102.0,High ($100+),48.0,17.0,Senior (16+ yrs)
PHY100552,Access-Constrained,Cardiology,Midwest,3 - Restricted (high copay),Not adopted,1.4,0,180.0,3.0,177.0,1,Low (0-1/qtr),52.8,Medium,54.1,46.6,147.0,High ($100+),35.8,20.0,Senior (16+ yrs)
PHY100553,"White Space (High Potential, Under-Engaged)",Internal Medicine,Midwest,1 - Preferred (low copay),Adopted,68.8,1,46.0,32.0,14.0,1,Low (0-1/qtr),80.4,High,39.8,7.2,59.0,Medium ($50-100),39.2,15.0,Mid (6-15 yrs)
PHY100554,"White Space (High Potential, Under-Engaged)",Cardiology,West,1 - Preferred (low copay),Not adopted,35.0,0,201.0,70.0,131.0,1,Low (0-1/qtr),46.3,Medium,97.2,47.0,64.0,Medium ($50-100),26.3,17.0,Senior (16+ yrs)
PHY100555,Access-Constrained,Endocrinology,Northeast,3 - Restricted (high copay),Not adopted,7.9,0,297.0,23.0,274.0,2,Medium (2-3/qtr),70.2,High,54.7,34.8,133.0,High ($100+),25.1,12.0,Mid (6-15 yrs)
PHY100556,Access-Constrained,Endocrinology,South,3 - Restricted (high copay),Not adopted,2.5,0,275.0,7.0,268.0,4,High (4+/qtr),10.6,Low,48.8,47.4,98.0,Medium ($50-100),49.5,14.0,Mid (6-15 yrs)
PHY100557,Advocates (High Adopters),Primary Care,South,2 - Standard,Adopted,11.2,1,290.0,32.0,258.0,4,High (4+/qtr),39.7,Medium,73.8,36.6,52.0,Medium ($50-100),44.7,15.0,Mid (6-15 yrs)
PHY100558,Access-Constrained,Primary Care,South,2 - Standard,Not adopted,4.1,0,119.0,5.0,114.0,3,Medium (2-3/qtr),50.6,Medium,42.7,49.6,97.0,Medium ($50-100),44.8,16.0,Senior (16+ yrs)
PHY100559,Access-Constrained,Primary Care,Northeast,2 - Standard,Adopted,18.7,1,235.0,44.0,191.0,2,Medium (2-3/qtr),92.3,High,70.1,29.2,80.0,Medium ($50-100),42.2,19.0,Senior (16+ yrs)
PHY100560,Access-Constrained,Cardiology,South,2 - Standard,Not adopted,2.3,0,137.0,3.0,134.0,2,Medium (2-3/qtr),6.9,Low,16.6,24.4,55.0,Medium ($50-100),38.7,18.0,Senior (16+ yrs)
PHY100561,"White Space (High Potential, Under-Engaged)",Endocrinology,Midwest,1 - Preferred (low copay),Not adopted,7.3,0,193.0,14.0,179.0,2,Medium (2-3/qtr),47.9,Medium,40.9,74.5,73.0,Medium ($50-100),48.4,14.0,Mid (6-15 yrs)
PHY100562,"White Space (High Potential, Under-Engaged)",Internal Medicine,South,1 - Preferred (low copay),Not adopted,9.7,0,104.0,10.0,94.0,0,Low (0-1/qtr),82.0,High,71.0,30.6,96.0,Medium ($50-100),52.0,8.0,Mid (6-15 yrs)
PHY100563,"White Space (High Potential, Under-Engaged)",Primary Care,Northeast,2 - Standard,Not adopted,17.3,0,141.0,24.0,117.0,1,Low (0-1/qtr),32.7,Low,81.4,50.0,44.0,Low ($0-50),51.7,14.0,Mid (6-15 yrs)
PHY100564,Advocates (High Adopters),Primary Care,South,2 - Standard,Not adopted,3.4,0,139.0,5.0,134.0,6,High (4+/qtr),45.3,Medium,34.5,69.1,111.0,High ($100+),36.5,14.0,Mid (6-15 yrs)
PHY100565,"White Space (High Potential, Under-Engaged)",Primary Care,South,2 - Standard,Not adopted,5.2,0,234.0,12.0,222.0,2,Medium (2-3/qtr),57.3,Medium,32.2,68.3,22.0,Low ($0-50),58.8,15.0,Mid (6-15 yrs)
PHY100566,"White Space (High Potential, Under-Engaged)",Primary Care,Northeast,1 - Preferred (low copay),Not adopted,5.9,0,228.0,13.0,215.0,4,High (4+/qtr),54.1,Medium,61.3,65.9,50.0,Low ($0-50),41.4,29.0,Senior (16+ yrs)
PHY100567,Access-Constrained,Cardiology,Northeast,3 - Restricted (high copay),Not adopted,3.5,0,197.0,7.0,190.0,7,High (4+/qtr),84.4,High,37.5,56.1,156.0,High ($100+),47.5,10.0,Mid (6-15 yrs)
PHY100568,"White Space (High Potential, Under-Engaged)",Endocrinology,Northeast,2 - Standard,Not adopted,13.1,0,99.0,13.0,86.0,1,Low (0-1/qtr),59.9,Medium,44.6,64.5,77.0,Medium ($50-100),42.2,17.0,Senior (16+ yrs)
PHY100569,Access-Constrained,Primary Care,Midwest,3 - Restricted (high copay),Not adopted,35.8,0,161.0,58.0,103.0,5,High (4+/qtr),79.2,High,67.5,77.5,112.0,High ($100+),41.7,21.0,Senior (16+ yrs)
PHY100570,"White Space (High Potential, Under-Engaged)",Endocrinology,Northeast,1 - Preferred (low copay),Adopted,14.9,1,135.0,20.0,115.0,2,Medium (2-3/qtr),42.1,Medium,39.1,58.5,79.0,Medium ($50-100),27.0,15.0,Mid (6-15 yrs)
PHY100571,Access-Constrained,Internal Medicine,West,2 - Standard,Not adopted,6.1,0,232.0,14.0,218.0,1,Low (0-1/qtr),33.7,Medium,10.7,13.3,42.0,Low ($0-50),48.5,30.0,Senior (16+ yrs)
PHY100572,Access-Constrained,Primary Care,Midwest,3 - Restricted (high copay),Not adopted,0.8,0,251.0,2.0,249.0,2,Medium (2-3/qtr),45.0,Medium,24.0,39.4,112.0,High ($100+),80.7,11.0,Mid (6-15 yrs)
PHY100573,Access-Constrained,Primary Care,West,2 - Standard,Not adopted,1.4,0,243.0,3.0,240.0,1,Low (0-1/qtr),24.5,Low,50.2,63.9,87.0,Medium ($50-100),32.4,16.0,Senior (16+ yrs)
PHY100574,Access-Constrained,Internal Medicine,West,1 - Preferred (low copay),Not adopted,4.9,0,135.0,7.0,128.0,0,Low (0-1/qtr),60.6,Medium,12.7,37.5,107.0,High ($100+),39.1,8.0,Mid (6-15 yrs)
PHY100575,"White Space (High Potential, Under-Engaged)",Primary Care,Northeast,1 - Preferred (low copay),Not adopted,3.8,0,30.0,1.0,29.0,3,Medium (2-3/qtr),41.5,Medium,44.1,82.4,29.0,Low ($0-50),31.3,12.0,Mid (6-15 yrs)
PHY100576,Advocates (High Adopters),Internal Medicine,South,1 - Preferred (low copay),Not adopted,6.9,0,74.0,5.0,69.0,7,High (4+/qtr),35.2,Medium,22.2,48.7,50.0,Low ($0-50),30.7,16.0,Senior (16+ yrs)
PHY100577,"White Space (High Potential, Under-Engaged)",Primary Care,West,2 - Standard,Not adopted,6.3,0,265.0,17.0,248.0,3,Medium (2-3/qtr),61.0,Medium,82.8,51.7,62.0,Medium ($50-100),61.2,20.0,Senior (16+ yrs)
PHY100578,Advocates (High Adopters),Internal Medicine,South,2 - Standard,Not adopted,16.9,0,156.0,26.0,130.0,5,High (4+/qtr),24.8,Low,93.3,72.5,59.0,Medium ($50-100),27.9,16.0,Senior (16+ yrs)
PHY100579,Advocates (High Adopters),Endocrinology,Midwest,1 - Preferred (low copay),Adopted,12.7,1,135.0,17.0,118.0,4,High (4+/qtr),67.0,High,28.8,46.3,88.0,Medium ($50-100),30.9,23.0,Senior (16+ yrs)
PHY100580,Access-Constrained,Primary Care,Midwest,2 - Standard,Not adopted,5.0,0,279.0,14.0,265.0,3,Medium (2-3/qtr),39.5,Medium,55.1,53.5,86.0,Medium ($50-100),14.2,13.0,Mid (6-15 yrs)
PHY100581,"White Space (High Potential, Under-Engaged)",Primary Care,Northeast,1 - Preferred (low copay),Not adopted,8.2,0,256.0,21.0,235.0,2,Medium (2-3/qtr),75.5,High,30.8,68.0,46.0,Low ($0-50),26.6,12.0,Mid (6-15 yrs)
PHY100582,Access-Constrained,Cardiology,South,2 - Standard,Not adopted,11.2,0,181.0,20.0,161.0,3,Medium (2-3/qtr),41.4,Medium,43.8,20.6,72.0,Medium ($50-100),12.4,33.0,Senior (16+ yrs)
PHY100583,Advocates (High Adopters),Endocrinology,West,2 - Standard,Not adopted,27.6,0,162.0,45.0,117.0,6,High (4+/qtr),63.9,Medium,86.1,44.3,71.0,Medium ($50-100),47.5,17.0,Senior (16+ yrs)
PHY100584,Advocates (High Adopters),Internal Medicine,West,1 - Preferred (low copay),Not adopted,8.3,0,172.0,14.0,158.0,7,High (4+/qtr),54.0,Medium,40.7,66.6,48.0,Low ($0-50),80.0,9.0,Mid (6-15 yrs)
PHY100585,"White Space (High Potential, Under-Engaged)",Primary Care,Northeast,1 - Preferred (low copay),Not adopted,8.2,0,194.0,16.0,178.0,2,Medium (2-3/qtr),66.4,High,44.3,51.3,28.0,Low ($0-50),32.5,9.0,Mid (6-15 yrs)
PHY100586,Advocates (High Adopters),Cardiology,South,1 - Preferred (low copay),Not adopted,12.1,0,276.0,33.0,243.0,5,High (4+/qtr),52.4,Medium,31.1,79.3,54.0,Medium ($50-100),13.0,7.0,Mid (6-15 yrs)
PHY100587,"White Space (High Potential, Under-Engaged)",Endocrinology,Midwest,1 - Preferred (low copay),Not adopted,10.3,0,205.0,21.0,184.0,1,Low (0-1/qtr),13.4,Low,72.9,18.5,51.0,Medium ($50-100),51.5,21.0,Senior (16+ yrs)
PHY100588,Access-Constrained,Cardiology,West,2 - Standard,Not adopted,19.7,0,224.0,44.0,180.0,4,High (4+/qtr),72.2,High,0.0,16.2,66.0,Medium ($50-100),27.1,11.0,Mid (6-15 yrs)
PHY100589,"White Space (High Potential, Under-Engaged)",Cardiology,Northeast,1 - Preferred (low copay),Not adopted,6.8,0,250.0,17.0,233.0,0,Low (0-1/qtr),48.1,Medium,41.1,65.4,64.0,Medium ($50-100),57.5,15.0,Mid (6-15 yrs)
PHY100590,"White Space (High Potential, Under-Engaged)",Internal Medicine,West,1 - Preferred (low copay),Not adopted,8.0,0,110.0,9.0,101.0,3,Medium (2-3/qtr),67.4,High,49.1,67.3,66.0,Medium ($50-100),33.8,14.0,Mid (6-15 yrs)
PHY100591,Access-Constrained,Primary Care,West,3 - Restricted (high copay),Not adopted,2.6,0,225.0,6.0,219.0,3,Medium (2-3/qtr),65.2,Medium,36.8,46.1,96.0,Medium ($50-100),28.5,19.0,Senior (16+ yrs)
PHY100592,Access-Constrained,Endocrinology,Northeast,3 - Restricted (high copay),Not adopted,6.9,0,162.0,11.0,151.0,1,Low (0-1/qtr),33.0,Low,67.3,58.0,106.0,High ($100+),35.3,8.0,Mid (6-15 yrs)
PHY100593,"White Space (High Potential, Under-Engaged)",Primary Care,Northeast,1 - Preferred (low copay),Not adopted,2.1,0,30.0,1.0,29.0,2,Medium (2-3/qtr),29.9,Low,74.0,64.9,114.0,High ($100+),49.4,6.0,Mid (6-15 yrs)
PHY100594,Access-Constrained,Cardiology,West,2 - Standard,Not adopted,5.8,0,52.0,3.0,49.0,4,High (4+/qtr),64.4,Medium,21.8,33.7,138.0,High ($100+),34.6,16.0,Senior (16+ yrs)
PHY100595,Advocates (High Adopters),Endocrinology,Northeast,2 - Standard,Adopted,28.2,1,119.0,34.0,85.0,5,High (4+/qtr),43.3,Medium,91.9,35.9,59.0,Medium ($50-100),30.5,18.0,Senior (16+ yrs)
PHY100596,Access-Constrained,Primary Care,South,3 - Restricted (high copay),Not adopted,2.9,0,212.0,6.0,206.0,2,Medium (2-3/qtr),70.6,High,21.5,53.8,87.0,Medium ($50-100),35.0,16.0,Senior (16+ yrs)
PHY100597,Access-Constrained,Primary Care,West,3 - Restricted (high copay),Not adopted,6.1,0,187.0,11.0,176.0,4,High (4+/qtr),46.1,Medium,75.8,68.1,84.0,Medium ($50-100),18.9,8.0,Mid (6-15 yrs)
PHY100598,"White Space (High Potential, Under-Engaged)",Internal Medicine,South,1 - Preferred (low copay),Not adopted,16.0,0,191.0,31.0,160.0,3,Medium (2-3/qtr),72.5,High,53.0,26.7,86.0,Medium ($50-100),44.0,19.0,Senior (16+ yrs)
PHY100599,"White Space (High Potential, Under-Engaged)",Primary Care,Midwest,1 - Preferred (low copay),Not adopted,12.2,0,297.0,36.0,261.0,3,Medium (2-3/qtr),59.3,Medium,39.9,46.0,50.0,Low ($0-50),11.2,9.0,Mid (6-15 yrs)
PHY100600,Access-Constrained,Primary Care,Midwest,2 - Standard,Not adopted,4.5,0,104.0,5.0,99.0,3,Medium (2-3/qtr),56.3,Medium,41.8,45.1,91.0,Medium ($50-100),31.3,10.0,Mid (6-15 yrs)
PHY100601,Access-Constrained,Primary Care,Northeast,3 - Restricted (high copay),Not adopted,0.5,0,178.0,1.0,177.0,1,Low (0-1/qtr),41.8,Medium,49.3,58.4,160.0,High ($100+),49.4,7.0,Mid (6-15 yrs)
PHY100602,Access-Constrained,Internal Medicine,West,3 - Restricted (high copay),Not adopted,1.3,0,198.0,3.0,195.0,2,Medium (2-3/qtr),55.1,Medium,54.2,49.8,110.0,High ($100+),42.5,23.0,Senior (16+ yrs)
PHY100603,"White Space (High Potential, Under-Engaged)",Primary Care,Midwest,1 - Preferred (low copay),Not adopted,14.7,0,136.0,20.0,116.0,1,Low (0-1/qtr),76.2,High,31.6,39.1,78.0,Medium ($50-100),46.9,18.0,Senior (16+ yrs)
PHY100604,Access-Constrained,Internal Medicine,Northeast,2 - Standard,Not adopted,5.9,0,182.0,11.0,171.0,3,Medium (2-3/qtr),48.8,Medium,45.3,75.0,98.0,Medium ($50-100),37.0,18.0,Senior (16+ yrs)
PHY100605,"White Space (High Potential, Under-Engaged)",Primary Care,Midwest,1 - Preferred (low copay),Not adopted,6.1,0,84.0,5.0,79.0,1,Low (0-1/qtr),61.7,Medium,34.6,39.2,45.0,Low ($0-50),55.5,23.0,Senior (16+ yrs)
PHY100606,Access-Constrained,Internal Medicine,West,2 - Standard,Not adopted,3.4,0,265.0,9.0,256.0,4,High (4+/qtr),51.0,Medium,25.7,44.2,111.0,High ($100+),51.9,34.0,Senior (16+ yrs)
PHY100607,Access-Constrained,Cardiology,Northeast,3 - Restricted (high copay),Not adopted,5.0,0,139.0,7.0,132.0,4,High (4+/qtr),52.7,Medium,33.7,18.2,89.0,Medium ($50-100),44.7,2.0,Early (0-5 yrs)
PHY100608,Access-Constrained,Primary Care,West,2 - Standard,Not adopted,3.6,0,302.0,11.0,291.0,6,High (4+/qtr),87.9,High,27.0,35.7,118.0,High ($100+),51.9,9.0,Mid (6-15 yrs)
PHY100609,Advocates (High Adopters),Primary Care,South,1 - Preferred (low copay),Not adopted,7.5,0,178.0,13.0,165.0,5,High (4+/qtr),76.4,High,41.6,60.3,45.0,Low ($0-50),49.3,10.0,Mid (6-15 yrs)
PHY100610,"White Space (High Potential, Under-Engaged)",Primary Care,West,2 - Standard,Not adopted,4.4,0,242.0,11.0,231.0,3,Medium (2-3/qtr),51.7,Medium,58.6,56.4,73.0,Medium ($50-100),31.4,8.0,Mid (6-15 yrs)
PHY100611,"White Space (High Potential, Under-Engaged)",Primary Care,West,2 - Standard,Not adopted,7.0,0,177.0,12.0,165.0,3,Medium (2-3/qtr),54.7,Medium,52.4,62.0,58.0,Medium ($50-100),17.8,6.0,Mid (6-15 yrs)
PHY100612,Access-Constrained,Internal Medicine,West,3 - Restricted (high copay),Not adopted,1.7,0,178.0,3.0,175.0,1,Low (0-1/qtr),34.6,Medium,89.5,61.0,87.0,Medium ($50-100),44.3,12.0,Mid (6-15 yrs)
PHY100613,Advocates (High Adopters),Internal Medicine,West,2 - Standard,Not adopted,2.1,0,145.0,3.0,142.0,6,High (4+/qtr),46.2,Medium,5.8,91.8,74.0,Medium ($50-100),46.2,5.0,Early (0-5 yrs)
PHY100614,Access-Constrained,Endocrinology,Northeast,3 - Restricted (high copay),Not adopted,26.1,0,187.0,49.0,138.0,4,High (4+/qtr),56.8,Medium,59.4,35.0,49.0,Low ($0-50),54.4,16.0,Senior (16+ yrs)
PHY100615,"White Space (High Potential, Under-Engaged)",Primary Care,West,1 - Preferred (low copay),Not adopted,46.5,0,199.0,93.0,106.0,3,Medium (2-3/qtr),68.7,High,50.1,17.6,54.0,Medium ($50-100),24.0,14.0,Mid (6-15 yrs)
PHY100616,"White Space (High Potential, Under-Engaged)",Primary Care,South,1 - Preferred (low copay),Not adopted,24.1,0,133.0,32.0,101.0,1,Low (0-1/qtr),66.5,High,66.3,29.0,47.0,Low ($0-50),24.4,17.0,Senior (16+ yrs)
PHY100617,Advocates (High Adopters),Endocrinology,South,2 - Standard,Not adopted,3.0,0,172.0,5.0,167.0,4,High (4+/qtr),25.6,Low,64.3,35.9,105.0,High ($100+),44.9,18.0,Senior (16+ yrs)
PHY100618,"White Space (High Potential, Under-Engaged)",Cardiology,West,1 - Preferred (low copay),Not adopted,33.9,0,143.0,48.0,95.0,2,Medium (2-3/qtr),71.5,High,46.7,30.5,71.0,Medium ($50-100),36.9,18.0,Senior (16+ yrs)
PHY100619,Advocates (High Adopters),Cardiology,West,1 - Preferred (low copay),Not adopted,28.0,0,318.0,89.0,229.0,5,High (4+/qtr),48.0,Medium,53.5,51.9,42.0,Low ($0-50),9.7,11.0,Mid (6-15 yrs)
PHY100620,Advocates (High Adopters),Primary Care,South,2 - Standard,Not adopted,3.6,0,175.0,6.0,169.0,6,High (4+/qtr),28.3,Low,35.1,75.1,74.0,Medium ($50-100),43.6,29.0,Senior (16+ yrs)
PHY100621,"White Space (High Potential, Under-Engaged)",Primary Care,South,1 - Preferred (low copay),Not adopted,36.2,0,273.0,99.0,174.0,1,Low (0-1/qtr),79.4,High,62.3,80.8,54.0,Medium ($50-100),10.2,16.0,Senior (16+ yrs)
PHY100622,"White Space (High Potential, Under-Engaged)",Internal Medicine,Midwest,1 - Preferred (low copay),Adopted,3.7,1,168.0,6.0,162.0,2,Medium (2-3/qtr),82.2,High,12.4,60.1,97.0,Medium ($50-100),23.8,1.0,Early (0-5 yrs)
PHY100623,"White Space (High Potential, Under-Engaged)",Primary Care,Midwest,1 - Preferred (low copay),Not adopted,1.8,0,196.0,4.0,192.0,2,Medium (2-3/qtr),55.8,Medium,65.5,92.8,39.0,Low ($0-50),58.3,7.0,Mid (6-15 yrs)
PHY100624,"White Space (High Potential, Under-Engaged)",Internal Medicine,Midwest,1 - Preferred (low copay),Not adopted,9.0,0,101.0,9.0,92.0,2,Medium (2-3/qtr),65.6,Medium,49.5,42.9,42.0,Low ($0-50),65.4,2.0,Early (0-5 yrs)
PHY100625,Access-Constrained,Primary Care,Midwest,3 - Restricted (high copay),Not adopted,7.9,0,153.0,12.0,141.0,4,High (4+/qtr),66.9,High,40.3,17.3,82.0,Medium ($50-100),19.8,14.0,Mid (6-15 yrs)
PHY100626,Access-Constrained,Primary Care,Northeast,3 - Restricted (high copay),Not adopted,2.8,0,193.0,5.0,188.0,0,Low (0-1/qtr),80.7,High,45.3,71.1,73.0,Medium ($50-100),33.1,13.0,Mid (6-15 yrs)
PHY100627,Advocates (High Adopters),Cardiology,Northeast,1 - Preferred (low copay),Not adopted,22.9,0,275.0,63.0,212.0,5,High (4+/qtr),66.0,Medium,46.8,13.2,68.0,Medium ($50-100),38.6,11.0,Mid (6-15 yrs)
PHY100628,Access-Constrained,Primary Care,South,3 - Restricted (high copay),Not adopted,0.8,0,193.0,2.0,191.0,2,Medium (2-3/qtr),20.8,Low,75.9,34.9,115.0,High ($100+),64.7,28.0,Senior (16+ yrs)
PHY100629,Access-Constrained,Internal Medicine,Midwest,2 - Standard,Adopted,28.0,1,263.0,74.0,189.0,5,High (4+/qtr),94.2,High,100.0,60.4,117.0,High ($100+),30.6,18.0,Senior (16+ yrs)
PHY100630,Access-Constrained,Internal Medicine,West,3 - Restricted (high copay),Not adopted,3.5,0,218.0,8.0,210.0,3,Medium (2-3/qtr),73.4,High,74.4,48.0,136.0,High ($100+),30.8,19.0,Senior (16+ yrs)
PHY100631,Access-Constrained,Internal Medicine,South,2 - Standard,Not adopted,2.1,0,278.0,6.0,272.0,2,Medium (2-3/qtr),38.8,Medium,38.7,46.2,145.0,High ($100+),61.2,7.0,Mid (6-15 yrs)
PHY100632,Advocates (High Adopters),Cardiology,Northeast,1 - Preferred (low copay),Adopted,22.9,1,176.0,40.0,136.0,3,Medium (2-3/qtr),27.3,Low,62.6,26.4,58.0,Medium ($50-100),32.4,7.0,Mid (6-15 yrs)
PHY100633,"White Space (High Potential, Under-Engaged)",Endocrinology,Northeast,2 - Standard,Not adopted,7.9,0,323.0,26.0,297.0,1,Low (0-1/qtr),61.1,Medium,63.5,49.8,78.0,Medium ($50-100),48.8,14.0,Mid (6-15 yrs)
PHY100634,Access-Constrained,Cardiology,Northeast,3 - Restricted (high copay),Adopted,1.0,1,151.0,2.0,149.0,0,Low (0-1/qtr),43.9,Medium,31.5,70.1,77.0,Medium ($50-100),15.8,15.0,Mid (6-15 yrs)
PHY100635,Access-Constrained,Cardiology,West,2 - Standard,Not adopted,5.9,0,134.0,8.0,126.0,3,Medium (2-3/qtr),57.3,Medium,24.8,50.4,102.0,High ($100+),35.4,1.0,Early (0-5 yrs)
PHY100636,Access-Constrained,Primary Care,Northeast,2 - Standard,Adopted,7.4,1,107.0,8.0,99.0,2,Medium (2-3/qtr),66.4,High,48.7,33.4,88.0,Medium ($50-100),13.1,13.0,Mid (6-15 yrs)
PHY100637,Advocates (High Adopters),Primary Care,South,1 - Preferred (low copay),Not adopted,30.9,0,320.0,99.0,221.0,5,High (4+/qtr),37.5,Medium,66.2,25.0,76.0,Medium ($50-100),22.2,14.0,Mid (6-15 yrs)
PHY100638,Access-Constrained,Primary Care,West,2 - Standard,Not adopted,1.5,0,229.0,3.0,226.0,1,Low (0-1/qtr),25.4,Low,17.8,33.8,57.0,Medium ($50-100),50.6,12.0,Mid (6-15 yrs)
PHY100639,Access-Constrained,Internal Medicine,West,3 - Restricted (high copay),Not adopted,1.9,0,160.0,3.0,157.0,4,High (4+/qtr),58.5,Medium,35.6,57.8,119.0,High ($100+),37.3,8.0,Mid (6-15 yrs)
PHY100640,Advocates (High Adopters),Primary Care,Northeast,2 - Standard,Not adopted,2.4,0,255.0,6.0,249.0,4,High (4+/qtr),38.3,Medium,61.5,56.9,90.0,Medium ($50-100),33.2,10.0,Mid (6-15 yrs)
PHY100641,Access-Constrained,Internal Medicine,Northeast,2 - Standard,Not adopted,5.1,0,221.0,11.0,210.0,2,Medium (2-3/qtr),53.2,Medium,50.8,34.0,88.0,Medium ($50-100),26.8,13.0,Mid (6-15 yrs)
PHY100642,Access-Constrained,Cardiology,Northeast,2 - Standard,Not adopted,18.0,0,298.0,54.0,244.0,2,Medium (2-3/qtr),20.4,Low,78.3,5.8,68.0,Medium ($50-100),34.7,15.0,Mid (6-15 yrs)
PHY100643,Access-Constrained,Endocrinology,Northeast,2 - Standard,Not adopted,5.2,0,87.0,5.0,82.0,2,Medium (2-3/qtr),44.5,Medium,21.8,58.4,115.0,High ($100+),42.5,18.0,Senior (16+ yrs)
PHY100644,Access-Constrained,Primary Care,Northeast,2 - Standard,Not adopted,7.7,0,164.0,13.0,151.0,3,Medium (2-3/qtr),65.7,Medium,97.0,32.0,136.0,High ($100+),52.7,22.0,Senior (16+ yrs)
PHY100645,Access-Constrained,Internal Medicine,South,3 - Restricted (high copay),Not adopted,1.8,0,152.0,3.0,149.0,2,Medium (2-3/qtr),63.3,Medium,19.2,63.8,82.0,Medium ($50-100),5.0,12.0,Mid (6-15 yrs)
PHY100646,Access-Constrained,Cardiology,West,3 - Restricted (high copay),Not adopted,1.5,0,62.0,1.0,61.0,4,High (4+/qtr),32.7,Low,9.4,34.9,128.0,High ($100+),25.5,11.0,Mid (6-15 yrs)
PHY100647,Advocates (High Adopters),Primary Care,South,2 - Standard,Not adopted,8.9,0,244.0,22.0,222.0,4,High (4+/qtr),24.3,Low,48.8,30.2,13.0,Low ($0-50),40.4,17.0,Senior (16+ yrs)
PHY100648,Access-Constrained,Primary Care,South,2 - Standard,Not adopted,4.8,0,164.0,8.0,156.0,3,Medium (2-3/qtr),50.3,Medium,27.3,53.1,102.0,High ($100+),36.5,18.0,Senior (16+ yrs)
PHY100649,Advocates (High Adopters),Cardiology,Northeast,2 - Standard,Not adopted,9.7,0,224.0,22.0,202.0,5,High (4+/qtr),62.3,Medium,49.2,97.2,38.0,Low ($0-50),44.1,11.0,Mid (6-15 yrs)
PHY100650,"White Space (High Potential, Under-Engaged)",Primary Care,West,1 - Preferred (low copay),Not adopted,6.6,0,322.0,21.0,301.0,2,Medium (2-3/qtr),58.9,Medium,48.5,65.0,47.0,Low ($0-50),42.0,20.0,Senior (16+ yrs)
PHY100651,"White Space (High Potential, Under-Engaged)",Internal Medicine,South,1 - Preferred (low copay),Not adopted,20.7,0,159.0,33.0,126.0,4,High (4+/qtr),38.7,Medium,46.1,52.7,27.0,Low ($0-50),33.4,21.0,Senior (16+ yrs)
PHY100652,"White Space (High Potential, Under-Engaged)",Primary Care,West,1 - Preferred (low copay),Not adopted,16.4,0,155.0,25.0,130.0,1,Low (0-1/qtr),56.6,Medium,33.2,57.2,55.0,Medium ($50-100),30.1,23.0,Senior (16+ yrs)
PHY100653,Access-Constrained,Endocrinology,West,2 - Standard,Adopted,45.9,1,187.0,86.0,101.0,3,Medium (2-3/qtr),83.1,High,58.7,15.0,106.0,High ($100+),34.3,26.0,Senior (16+ yrs)
PHY100654,Advocates (High Adopters),Internal Medicine,Midwest,1 - Preferred (low copay),Adopted,25.2,1,239.0,60.0,179.0,5,High (4+/qtr),54.5,Medium,43.7,27.6,14.0,Low ($0-50),55.2,8.0,Mid (6-15 yrs)
PHY100655,Access-Constrained,Endocrinology,Northeast,2 - Standard,Not adopted,18.5,0,146.0,27.0,119.0,2,Medium (2-3/qtr),14.1,Low,72.1,0.0,76.0,Medium ($50-100),27.0,14.0,Mid (6-15 yrs)
PHY100656,Access-Constrained,Internal Medicine,Northeast,3 - Restricted (high copay),Not adopted,1.1,0,142.0,2.0,140.0,1,Low (0-1/qtr),54.5,Medium,46.4,84.6,97.0,Medium ($50-100),37.1,14.0,Mid (6-15 yrs)
PHY100657,Advocates (High Adopters),Endocrinology,Midwest,1 - Preferred (low copay),Not adopted,16.9,0,243.0,41.0,202.0,5,High (4+/qtr),95.0,High,30.7,80.5,100.0,Medium ($50-100),40.8,13.0,Mid (6-15 yrs)
PHY100658,Access-Constrained,Primary Care,West,2 - Standard,Not adopted,0.4,0,203.0,1.0,202.0,1,Low (0-1/qtr),21.7,Low,16.2,57.9,96.0,Medium ($50-100),61.4,9.0,Mid (6-15 yrs)
PHY100659,Access-Constrained,Endocrinology,Midwest,3 - Restricted (high copay),Not adopted,7.4,0,57.0,4.0,53.0,4,High (4+/qtr),50.7,Medium,46.6,52.7,81.0,Medium ($50-100),33.5,4.0,Early (0-5 yrs)
PHY100660,Access-Constrained,Endocrinology,South,2 - Standard,Not adopted,6.6,0,106.0,7.0,99.0,2,Medium (2-3/qtr),45.0,Medium,24.6,19.0,73.0,Medium ($50-100),52.4,15.0,Mid (6-15 yrs)
PHY100661,Advocates (High Adopters),Internal Medicine,South,1 - Preferred (low copay),Not adopted,5.5,0,270.0,15.0,255.0,5,High (4+/qtr),52.1,Medium,23.0,45.6,99.0,Medium ($50-100),56.5,9.0,Mid (6-15 yrs)
PHY100662,Access-Constrained,Cardiology,Northeast,2 - Standard,Not adopted,2.7,0,204.0,6.0,198.0,3,Medium (2-3/qtr),54.3,Medium,60.5,85.8,103.0,High ($100+),37.0,15.0,Mid (6-15 yrs)
PHY100663,"White Space (High Potential, Under-Engaged)",Cardiology,Midwest,2 - Standard,Not adopted,7.2,0,134.0,10.0,124.0,2,Medium (2-3/qtr),75.1,High,14.4,52.6,62.0,Medium ($50-100),34.8,8.0,Mid (6-15 yrs)
PHY100664,Access-Constrained,Endocrinology,South,2 - Standard,Not adopted,5.2,0,170.0,9.0,161.0,1,Low (0-1/qtr),51.9,Medium,78.2,38.7,78.0,Medium ($50-100),33.1,6.0,Mid (6-15 yrs)
PHY100665,"White Space (High Potential, Under-Engaged)",Primary Care,South,1 - Preferred (low copay),Not adopted,24.5,0,181.0,44.0,137.0,4,High (4+/qtr),78.1,High,53.2,14.8,54.0,Medium ($50-100),34.2,16.0,Senior (16+ yrs)
PHY100666,"White Space (High Potential, Under-Engaged)",Internal Medicine,Midwest,2 - Standard,Not adopted,2.8,0,224.0,6.0,218.0,3,Medium (2-3/qtr),47.4,Medium,49.1,77.6,72.0,Medium ($50-100),50.8,15.0,Mid (6-15 yrs)
PHY100667,Advocates (High Adopters),Internal Medicine,Northeast,2 - Standard,Not adopted,7.5,0,99.0,7.0,92.0,4,High (4+/qtr),42.3,Medium,29.3,48.6,42.0,Low ($0-50),41.5,18.0,Senior (16+ yrs)
PHY100668,Advocates (High Adopters),Endocrinology,South,1 - Preferred (low copay),Adopted,64.5,1,130.0,84.0,46.0,4,High (4+/qtr),35.3,Medium,65.3,14.9,43.0,Low ($0-50),41.5,29.0,Senior (16+ yrs)
PHY100669,Access-Constrained,Primary Care,Northeast,2 - Standard,Not adopted,2.1,0,196.0,4.0,192.0,0,Low (0-1/qtr),10.0,Low,49.9,31.5,120.0,High ($100+),21.1,16.0,Senior (16+ yrs)
PHY100670,"White Space (High Potential, Under-Engaged)",Cardiology,West,1 - Preferred (low copay),Not adopted,36.0,0,174.0,63.0,111.0,1,Low (0-1/qtr),56.1,Medium,36.3,24.4,50.0,Low ($0-50),23.5,17.0,Senior (16+ yrs)
PHY100671,Advocates (High Adopters),Primary Care,Northeast,2 - Standard,Not adopted,21.6,0,214.0,46.0,168.0,6,High (4+/qtr),95.2,High,54.0,47.4,82.0,Medium ($50-100),70.2,6.0,Mid (6-15 yrs)
PHY100672,Access-Constrained,Internal Medicine,Northeast,3 - Restricted (high copay),Not adopted,3.0,0,106.0,3.0,103.0,2,Medium (2-3/qtr),60.1,Medium,16.3,54.1,114.0,High ($100+),35.3,5.0,Early (0-5 yrs)
PHY100673,Access-Constrained,Primary Care,South,1 - Preferred (low copay),Not adopted,15.2,0,201.0,31.0,170.0,3,Medium (2-3/qtr),65.1,Medium,17.3,39.9,115.0,High ($100+),26.4,25.0,Senior (16+ yrs)
PHY100674,Advocates (High Adopters),Primary Care,South,2 - Standard,Not adopted,1.7,0,245.0,4.0,241.0,7,High (4+/qtr),40.9,Medium,27.6,65.5,85.0,Medium ($50-100),59.5,8.0,Mid (6-15 yrs)
PHY100675,Access-Constrained,Endocrinology,South,2 - Standard,Not adopted,2.6,0,209.0,5.0,204.0,1,Low (0-1/qtr),44.6,Medium,57.0,51.6,112.0,High ($100+),42.2,7.0,Mid (6-15 yrs)
PHY100676,Advocates (High Adopters),Internal Medicine,Midwest,2 - Standard,Not adopted,7.4,0,188.0,14.0,174.0,5,High (4+/qtr),71.7,High,49.9,71.2,70.0,Medium ($50-100),46.7,14.0,Mid (6-15 yrs)
PHY100677,Access-Constrained,Primary Care,West,3 - Restricted (high copay),Not adopted,9.0,0,174.0,16.0,158.0,1,Low (0-1/qtr),94.2,High,71.0,42.9,104.0,High ($100+),35.9,13.0,Mid (6-15 yrs)
PHY100678,Access-Constrained,Cardiology,South,2 - Standard,Not adopted,5.0,0,130.0,6.0,124.0,2,Medium (2-3/qtr),82.7,High,31.6,100.0,85.0,Medium ($50-100),33.2,8.0,Mid (6-15 yrs)
PHY100679,"White Space (High Potential, Under-Engaged)",Endocrinology,South,1 - Preferred (low copay),Not adopted,36.4,0,176.0,64.0,112.0,4,High (4+/qtr),67.7,High,61.5,38.7,41.0,Low ($0-50),35.5,12.0,Mid (6-15 yrs)
PHY100680,Access-Constrained,Cardiology,Midwest,3 - Restricted (high copay),Not adopted,3.0,0,256.0,8.0,248.0,1,Low (0-1/qtr),50.8,Medium,47.7,31.9,105.0,High ($100+),17.3,23.0,Senior (16+ yrs)
PHY100681,Access-Constrained,Cardiology,Northeast,2 - Standard,Not adopted,10.3,0,173.0,18.0,155.0,1,Low (0-1/qtr),54.6,Medium,31.1,29.5,107.0,High ($100+),36.7,8.0,Mid (6-15 yrs)
PHY100682,Advocates (High Adopters),Cardiology,South,2 - Standard,Not adopted,7.0,0,127.0,9.0,118.0,4,High (4+/qtr),33.4,Medium,57.7,45.8,65.0,Medium ($50-100),42.4,4.0,Early (0-5 yrs)
PHY100683,Advocates (High Adopters),Primary Care,Northeast,1 - Preferred (low copay),Not adopted,15.1,0,150.0,23.0,127.0,5,High (4+/qtr),18.1,Low,48.7,15.6,60.0,Medium ($50-100),65.8,21.0,Senior (16+ yrs)
PHY100684,"White Space (High Potential, Under-Engaged)",Primary Care,South,1 - Preferred (low copay),Not adopted,4.5,0,192.0,9.0,183.0,2,Medium (2-3/qtr),25.2,Low,37.4,55.9,78.0,Medium ($50-100),39.3,17.0,Senior (16+ yrs)
PHY100685,"White Space (High Potential, Under-Engaged)",Endocrinology,Northeast,2 - Standard,Not adopted,9.9,0,158.0,16.0,142.0,1,Low (0-1/qtr),51.1,Medium,50.8,11.9,64.0,Medium ($50-100),5.0,10.0,Mid (6-15 yrs)
PHY100686,"White Space (High Potential, Under-Engaged)",Primary Care,West,1 - Preferred (low copay),Not adopted,4.7,0,209.0,10.0,199.0,3,Medium (2-3/qtr),43.6,Medium,47.4,53.2,87.0,Medium ($50-100),36.6,3.0,Early (0-5 yrs)
PHY100687,Advocates (High Adopters),Internal Medicine,South,1 - Preferred (low copay),Not adopted,7.6,0,211.0,16.0,195.0,5,High (4+/qtr),17.7,Low,46.9,23.0,62.0,Medium ($50-100),79.1,9.0,Mid (6-15 yrs)
PHY100688,Access-Constrained,Primary Care,West,3 - Restricted (high copay),Not adopted,2.4,0,233.0,6.0,227.0,2,Medium (2-3/qtr),49.2,Medium,41.7,42.4,106.0,High ($100+),51.0,14.0,Mid (6-15 yrs)
PHY100689,"White Space (High Potential, Under-Engaged)",Primary Care,South,1 - Preferred (low copay),Not adopted,4.7,0,265.0,12.0,253.0,3,Medium (2-3/qtr),43.0,Medium,23.9,62.1,10.0,Low ($0-50),25.8,22.0,Senior (16+ yrs)
PHY100690,Advocates (High Adopters),Endocrinology,Northeast,1 - Preferred (low copay),Not adopted,5.1,0,240.0,12.0,228.0,5,High (4+/qtr),24.2,Low,51.5,96.1,51.0,Medium ($50-100),46.9,7.0,Mid (6-15 yrs)
PHY100691,"White Space (High Potential, Under-Engaged)",Internal Medicine,West,1 - Preferred (low copay),Not adopted,4.0,0,124.0,5.0,119.0,1,Low (0-1/qtr),41.9,Medium,33.9,28.4,69.0,Medium ($50-100),26.9,13.0,Mid (6-15 yrs)
PHY100692,Access-Constrained,Endocrinology,South,2 - Standard,Not adopted,11.5,0,126.0,14.0,112.0,2,Medium (2-3/qtr),42.9,Medium,29.6,47.0,129.0,High ($100+),17.7,19.0,Senior (16+ yrs)
PHY100693,Access-Constrained,Endocrinology,West,2 - Standard,Not adopted,5.6,0,175.0,10.0,165.0,0,Low (0-1/qtr),36.4,Medium,45.2,35.5,99.0,Medium ($50-100),32.8,1.0,Early (0-5 yrs)
PHY100694,Access-Constrained,Internal Medicine,Midwest,3 - Restricted (high copay),Not adopted,7.3,0,153.0,11.0,142.0,3,Medium (2-3/qtr),70.4,High,64.7,32.6,138.0,High ($100+),39.4,21.0,Senior (16+ yrs)
PHY100695,Advocates (High Adopters),Primary Care,South,1 - Preferred (low copay),Not adopted,8.4,0,112.0,9.0,103.0,3,Medium (2-3/qtr),8.1,Low,53.7,35.7,30.0,Low ($0-50),9.9,6.0,Mid (6-15 yrs)
PHY100696,Advocates (High Adopters),Primary Care,West,1 - Preferred (low copay),Not adopted,3.0,0,153.0,5.0,148.0,7,High (4+/qtr),6.3,Low,39.4,66.5,57.0,Medium ($50-100),20.8,16.0,Senior (16+ yrs)
PHY100697,Access-Constrained,Primary Care,South,2 - Standard,Not adopted,11.2,0,152.0,17.0,135.0,4,High (4+/qtr),50.1,Medium,38.6,40.2,116.0,High ($100+),38.2,16.0,Senior (16+ yrs)
PHY100698,Advocates (High Adopters),Primary Care,Midwest,2 - Standard,Not adopted,2.4,0,140.0,3.0,137.0,7,High (4+/qtr),52.1,Medium,62.7,95.0,63.0,Medium ($50-100),31.9,22.0,Senior (16+ yrs)
PHY100699,Access-Constrained,Endocrinology,South,2 - Standard,Not adopted,4.6,0,161.0,7.0,154.0,5,High (4+/qtr),58.9,Medium,2.1,58.3,109.0,High ($100+),43.9,18.0,Senior (16+ yrs)
PHY100700,Access-Constrained,Endocrinology,South,3 - Restricted (high copay),Not adopted,3.2,0,251.0,8.0,243.0,4,High (4+/qtr),38.1,Medium,65.9,29.8,128.0,High ($100+),19.8,1.0,Early (0-5 yrs)
PHY100701,Access-Constrained,Endocrinology,West,2 - Standard,Not adopted,2.3,0,192.0,4.0,188.0,3,Medium (2-3/qtr),29.8,Low,12.5,42.7,92.0,Medium ($50-100),48.7,9.0,Mid (6-15 yrs)
PHY100702,Access-Constrained,Cardiology,Midwest,2 - Standard,Not adopted,5.7,0,328.0,19.0,309.0,2,Medium (2-3/qtr),49.8,Medium,21.7,34.0,77.0,Medium ($50-100),20.2,15.0,Mid (6-15 yrs)
PHY100703,Access-Constrained,Internal Medicine,Midwest,3 - Restricted (high copay),Not adopted,0.6,0,190.0,1.0,189.0,2,Medium (2-3/qtr),40.3,Medium,39.7,66.0,85.0,Medium ($50-100),62.6,13.0,Mid (6-15 yrs)
PHY100704,Advocates (High Adopters),Endocrinology,West,1 - Preferred (low copay),Adopted,73.8,1,163.0,120.0,43.0,5,High (4+/qtr),84.1,High,93.4,17.2,104.0,High ($100+),12.3,17.0,Senior (16+ yrs)
PHY100705,Access-Constrained,Primary Care,South,3 - Restricted (high copay),Not adopted,1.2,0,180.0,2.0,178.0,0,Low (0-1/qtr),42.9,Medium,83.5,23.2,126.0,High ($100+),21.6,20.0,Senior (16+ yrs)
PHY100706,Advocates (High Adopters),Primary Care,South,2 - Standard,Not adopted,6.6,0,195.0,13.0,182.0,4,High (4+/qtr),48.8,Medium,64.1,38.2,94.0,Medium ($50-100),44.3,18.0,Senior (16+ yrs)
PHY100707,Access-Constrained,Primary Care,Midwest,2 - Standard,Adopted,12.9,1,206.0,27.0,179.0,4,High (4+/qtr),100.0,High,57.1,63.7,75.0,Medium ($50-100),63.0,13.0,Mid (6-15 yrs)
PHY100708,Access-Constrained,Primary Care,Northeast,3 - Restricted (high copay),Not adopted,0.2,0,305.0,1.0,304.0,1,Low (0-1/qtr),45.7,Medium,12.8,74.7,111.0,High ($100+),42.7,1.0,Early (0-5 yrs)
PHY100709,Access-Constrained,Primary Care,South,2 - Standard,Not adopted,8.3,0,129.0,11.0,118.0,3,Medium (2-3/qtr),62.2,Medium,53.1,77.6,89.0,Medium ($50-100),46.4,11.0,Mid (6-15 yrs)
PHY100710,Access-Constrained,Internal Medicine,Northeast,2 - Standard,Not adopted,2.5,0,232.0,6.0,226.0,1,Low (0-1/qtr),64.2,Medium,39.0,60.6,95.0,Medium ($50-100),38.3,17.0,Senior (16+ yrs)
PHY100711,Advocates (High Adopters),Primary Care,Northeast,1 - Preferred (low copay),Not adopted,8.4,0,192.0,16.0,176.0,4,High (4+/qtr),66.1,High,33.7,48.3,78.0,Medium ($50-100),22.6,6.0,Mid (6-15 yrs)
PHY100712,Advocates (High Adopters),Internal Medicine,South,2 - Standard,Not adopted,7.4,0,86.0,6.0,80.0,5,High (4+/qtr),56.4,Medium,53.1,65.9,65.0,Medium ($50-100),30.6,18.0,Senior (16+ yrs)
PHY100713,Advocates (High Adopters),Internal Medicine,South,2 - Standard,Not adopted,16.5,0,226.0,37.0,189.0,4,High (4+/qtr),54.3,Medium,40.6,27.1,48.0,Low ($0-50),19.8,20.0,Senior (16+ yrs)
PHY100714,Advocates (High Adopters),Primary Care,West,1 - Preferred (low copay),Adopted,38.2,1,256.0,98.0,158.0,4,High (4+/qtr),52.2,Medium,67.4,13.1,62.0,Medium ($50-100),18.8,15.0,Mid (6-15 yrs)
PHY100715,Advocates (High Adopters),Cardiology,Midwest,2 - Standard,Adopted,23.3,1,129.0,30.0,99.0,7,High (4+/qtr),37.3,Medium,11.3,58.7,41.0,Low ($0-50),44.0,1.0,Early (0-5 yrs)
PHY100716,Access-Constrained,Primary Care,Northeast,2 - Standard,Not adopted,11.5,0,179.0,21.0,158.0,1,Low (0-1/qtr),57.2,Medium,51.5,29.9,77.0,Medium ($50-100),21.2,5.0,Early (0-5 yrs)
PHY100717,Access-Constrained,Cardiology,West,2 - Standard,Not adopted,23.1,0,76.0,18.0,58.0,4,High (4+/qtr),94.6,High,32.4,48.7,72.0,Medium ($50-100),42.8,27.0,Senior (16+ yrs)
PHY100718,"White Space (High Potential, Under-Engaged)",Primary Care,Northeast,1 - Preferred (low copay),Not adopted,20.5,0,104.0,21.0,83.0,0,Low (0-1/qtr),76.6,High,41.8,52.4,72.0,Medium ($50-100),18.5,10.0,Mid (6-15 yrs)
PHY100719,Access-Constrained,Internal Medicine,Northeast,2 - Standard,Not adopted,3.7,0,243.0,9.0,234.0,2,Medium (2-3/qtr),56.7,Medium,56.1,55.0,135.0,High ($100+),42.4,1.0,Early (0-5 yrs)
PHY100720,"White Space (High Potential, Under-Engaged)",Primary Care,Midwest,1 - Preferred (low copay),Not adopted,28.2,0,152.0,43.0,109.0,2,Medium (2-3/qtr),68.8,High,27.7,68.8,11.0,Low ($0-50),30.7,23.0,Senior (16+ yrs)
PHY100721,Access-Constrained,Primary Care,South,1 - Preferred (low copay),Not adopted,3.9,0,113.0,4.0,109.0,3,Medium (2-3/qtr),30.9,Low,53.3,66.6,117.0,High ($100+),59.1,14.0,Mid (6-15 yrs)
PHY100722,Advocates (High Adopters),Cardiology,West,2 - Standard,Not adopted,10.0,0,194.0,19.0,175.0,4,High (4+/qtr),44.3,Medium,45.8,53.9,79.0,Medium ($50-100),42.9,22.0,Senior (16+ yrs)
PHY100723,"White Space (High Potential, Under-Engaged)",Internal Medicine,South,1 - Preferred (low copay),Not adopted,13.6,0,149.0,20.0,129.0,2,Medium (2-3/qtr),70.9,High,36.8,41.2,69.0,Medium ($50-100),56.5,16.0,Senior (16+ yrs)
PHY100724,"White Space (High Potential, Under-Engaged)",Cardiology,South,1 - Preferred (low copay),Adopted,14.7,1,152.0,22.0,130.0,4,High (4+/qtr),82.7,High,40.6,52.2,25.0,Low ($0-50),26.7,17.0,Senior (16+ yrs)
PHY100725,Access-Constrained,Cardiology,Northeast,2 - Standard,Not adopted,5.3,0,224.0,12.0,212.0,1,Low (0-1/qtr),33.0,Low,46.9,38.1,110.0,High ($100+),38.8,17.0,Senior (16+ yrs)
PHY100726,Access-Constrained,Endocrinology,Midwest,2 - Standard,Not adopted,2.7,0,110.0,3.0,107.0,4,High (4+/qtr),39.4,Medium,34.6,46.1,86.0,Medium ($50-100),23.3,19.0,Senior (16+ yrs)
PHY100727,Access-Constrained,Cardiology,South,3 - Restricted (high copay),Not adopted,1.3,0,126.0,2.0,124.0,1,Low (0-1/qtr),98.0,High,50.1,100.0,108.0,High ($100+),31.8,30.0,Senior (16+ yrs)
PHY100728,Access-Constrained,Primary Care,Northeast,3 - Restricted (high copay),Not adopted,3.1,0,189.0,6.0,183.0,3,Medium (2-3/qtr),52.1,Medium,44.4,53.6,62.0,Medium ($50-100),34.1,21.0,Senior (16+ yrs)
PHY100729,Access-Constrained,Primary Care,Midwest,2 - Standard,Not adopted,3.6,0,238.0,9.0,229.0,2,Medium (2-3/qtr),90.1,High,37.8,59.0,87.0,Medium ($50-100),27.1,3.0,Early (0-5 yrs)
PHY100730,Access-Constrained,Endocrinology,Midwest,3 - Restricted (high copay),Not adopted,11.5,0,254.0,29.0,225.0,3,Medium (2-3/qtr),54.6,Medium,81.8,35.9,131.0,High ($100+),19.8,17.0,Senior (16+ yrs)
PHY100731,Access-Constrained,Cardiology,Northeast,3 - Restricted (high copay),Not adopted,6.9,0,140.0,10.0,130.0,4,High (4+/qtr),55.4,Medium,58.3,70.4,104.0,High ($100+),16.8,22.0,Senior (16+ yrs)
PHY100732,Advocates (High Adopters),Cardiology,South,2 - Standard,Not adopted,10.4,0,236.0,25.0,211.0,6,High (4+/qtr),43.3,Medium,42.3,65.2,114.0,High ($100+),5.0,22.0,Senior (16+ yrs)
PHY100733,Access-Constrained,Endocrinology,South,2 - Standard,Not adopted,8.9,0,133.0,12.0,121.0,5,High (4+/qtr),70.7,High,52.9,65.3,113.0,High ($100+),22.2,11.0,Mid (6-15 yrs)
PHY100734,"White Space (High Potential, Under-Engaged)",Cardiology,Northeast,1 - Preferred (low copay),Not adopted,23.5,0,290.0,68.0,222.0,4,High (4+/qtr),79.9,High,29.5,54.3,44.0,Low ($0-50),47.4,22.0,Senior (16+ yrs)
PHY100735,Access-Constrained,Primary Care,South,2 - Standard,Not adopted,0.6,0,112.0,1.0,111.0,0,Low (0-1/qtr),27.2,Low,41.3,70.7,125.0,High ($100+),14.0,20.0,Senior (16+ yrs)
PHY100736,Advocates (High Adopters),Cardiology,West,2 - Standard,Not adopted,5.3,0,260.0,14.0,246.0,4,High (4+/qtr),42.2,Medium,43.6,75.4,86.0,Medium ($50-100),17.5,32.0,Senior (16+ yrs)
PHY100737,"White Space (High Potential, Under-Engaged)",Endocrinology,South,1 - Preferred (low copay),Not adopted,5.4,0,141.0,8.0,133.0,2,Medium (2-3/qtr),70.1,High,25.1,55.7,61.0,Medium ($50-100),64.9,9.0,Mid (6-15 yrs)
PHY100738,Advocates (High Adopters),Endocrinology,West,1 - Preferred (low copay),Adopted,19.7,1,301.0,59.0,242.0,4,High (4+/qtr),47.1,Medium,57.7,47.7,62.0,Medium ($50-100),28.5,10.0,Mid (6-15 yrs)
PHY100739,Access-Constrained,Primary Care,Midwest,3 - Restricted (high copay),Not adopted,1.1,0,215.0,2.0,213.0,1,Low (0-1/qtr),39.1,Medium,39.9,67.9,112.0,High ($100+),42.8,12.0,Mid (6-15 yrs)
PHY100740,"White Space (High Potential, Under-Engaged)",Cardiology,West,2 - Standard,Not adopted,41.8,0,119.0,50.0,69.0,4,High (4+/qtr),72.2,High,42.9,31.9,19.0,Low ($0-50),47.6,11.0,Mid (6-15 yrs)
PHY100741,"White Space (High Potential, Under-Engaged)",Cardiology,Midwest,1 - Preferred (low copay),Adopted,20.5,1,149.0,31.0,118.0,3,Medium (2-3/qtr),74.3,High,38.6,35.6,55.0,Medium ($50-100),47.9,8.0,Mid (6-15 yrs)
PHY100742,"White Space (High Potential, Under-Engaged)",Internal Medicine,Midwest,1 - Preferred (low copay),Not adopted,26.1,0,227.0,59.0,168.0,2,Medium (2-3/qtr),40.1,Medium,100.0,48.9,26.0,Low ($0-50),15.2,1.0,Early (0-5 yrs)
PHY100743,Advocates (High Adopters),Cardiology,Northeast,2 - Standard,Not adopted,7.0,0,243.0,17.0,226.0,6,High (4+/qtr),54.7,Medium,36.7,15.2,126.0,High ($100+),34.5,11.0,Mid (6-15 yrs)
PHY100744,Access-Constrained,Primary Care,South,3 - Restricted (high copay),Not adopted,0.2,0,176.0,0.0,176.0,2,Medium (2-3/qtr),23.4,Low,8.6,66.6,150.0,High ($100+),13.7,17.0,Senior (16+ yrs)
PHY100745,Access-Constrained,Primary Care,Midwest,3 - Restricted (high copay),Not adopted,0.3,0,183.0,1.0,182.0,4,High (4+/qtr),30.3,Low,18.0,30.7,131.0,High ($100+),74.7,11.0,Mid (6-15 yrs)
PHY100746,Access-Constrained,Endocrinology,Midwest,2 - Standard,Not adopted,17.1,0,226.0,39.0,187.0,3,Medium (2-3/qtr),52.7,Medium,65.2,40.6,79.0,Medium ($50-100),14.1,28.0,Senior (16+ yrs)
PHY100747,"White Space (High Potential, Under-Engaged)",Primary Care,South,1 - Preferred (low copay),Not adopted,31.8,0,188.0,60.0,128.0,3,Medium (2-3/qtr),50.7,Medium,76.7,45.7,35.0,Low ($0-50),22.3,14.0,Mid (6-15 yrs)
PHY100748,"White Space (High Potential, Under-Engaged)",Primary Care,Midwest,1 - Preferred (low copay),Not adopted,2.4,0,102.0,2.0,100.0,1,Low (0-1/qtr),28.7,Low,36.4,50.8,44.0,Low ($0-50),22.4,23.0,Senior (16+ yrs)
PHY100749,Access-Constrained,Internal Medicine,Midwest,2 - Standard,Not adopted,7.1,0,131.0,9.0,122.0,3,Medium (2-3/qtr),34.2,Medium,75.6,43.1,134.0,High ($100+),15.6,16.0,Senior (16+ yrs)
PHY100750,Access-Constrained,Endocrinology,Northeast,3 - Restricted (high copay),Adopted,3.6,1,194.0,7.0,187.0,5,High (4+/qtr),26.6,Low,64.8,48.7,93.0,Medium ($50-100),58.3,20.0,Senior (16+ yrs)
PHY100751,"White Space (High Potential, Under-Engaged)",Endocrinology,Midwest,2 - Standard,Not adopted,17.0,0,253.0,43.0,210.0,3,Medium (2-3/qtr),60.0,Medium,46.2,48.8,26.0,Low ($0-50),74.3,16.0,Senior (16+ yrs)
PHY100752,Access-Constrained,Endocrinology,Midwest,2 - Standard,Not adopted,1.5,0,277.0,4.0,273.0,3,Medium (2-3/qtr),6.7,Low,44.8,41.1,111.0,High ($100+),30.9,24.0,Senior (16+ yrs)
PHY100753,Access-Constrained,Primary Care,Midwest,2 - Standard,Not adopted,2.4,0,227.0,5.0,222.0,4,High (4+/qtr),27.7,Low,53.6,34.5,123.0,High ($100+),18.2,14.0,Mid (6-15 yrs)
PHY100754,Access-Constrained,Primary Care,Northeast,2 - Standard,Not adopted,1.0,0,197.0,2.0,195.0,3,Medium (2-3/qtr),9.0,Low,67.5,71.6,126.0,High ($100+),5.0,17.0,Senior (16+ yrs)
PHY100755,Access-Constrained,Endocrinology,South,2 - Standard,Not adopted,12.2,0,225.0,27.0,198.0,4,High (4+/qtr),59.2,Medium,57.9,7.9,111.0,High ($100+),34.3,17.0,Senior (16+ yrs)
PHY100756,Access-Constrained,Endocrinology,West,2 - Standard,Not adopted,1.7,0,140.0,2.0,138.0,1,Low (0-1/qtr),10.3,Low,36.5,45.9,115.0,High ($100+),33.3,12.0,Mid (6-15 yrs)
PHY100757,Access-Constrained,Internal Medicine,South,2 - Standard,Not adopted,5.3,0,171.0,9.0,162.0,1,Low (0-1/qtr),50.7,Medium,46.5,40.6,86.0,Medium ($50-100),28.2,17.0,Senior (16+ yrs)
PHY100758,"White Space (High Potential, Under-Engaged)",Cardiology,South,2 - Standard,Not adopted,40.6,0,131.0,53.0,78.0,2,Medium (2-3/qtr),86.1,High,89.6,58.4,33.0,Low ($0-50),41.3,30.0,Senior (16+ yrs)
PHY100759,Access-Constrained,Primary Care,West,3 - Restricted (high copay),Not adopted,26.5,0,105.0,28.0,77.0,5,High (4+/qtr),86.8,High,55.0,20.9,111.0,High ($100+),43.9,12.0,Mid (6-15 yrs)
PHY100760,Access-Constrained,Primary Care,West,2 - Standard,Not adopted,4.1,0,200.0,8.0,192.0,2,Medium (2-3/qtr),10.3,Low,67.4,40.0,101.0,High ($100+),42.8,17.0,Senior (16+ yrs)
PHY100761,"White Space (High Potential, Under-Engaged)",Cardiology,South,1 - Preferred (low copay),Not adopted,13.9,0,191.0,27.0,164.0,3,Medium (2-3/qtr),56.6,Medium,60.8,48.0,57.0,Medium ($50-100),33.3,23.0,Senior (16+ yrs)
PHY100762,"White Space (High Potential, Under-Engaged)",Cardiology,West,1 - Preferred (low copay),Not adopted,14.5,0,221.0,32.0,189.0,2,Medium (2-3/qtr),28.2,Low,55.5,71.4,55.0,Medium ($50-100),21.5,22.0,Senior (16+ yrs)
PHY100763,Access-Constrained,Cardiology,West,2 - Standard,Not adopted,4.2,0,213.0,9.0,204.0,1,Low (0-1/qtr),23.8,Low,52.2,56.6,61.0,Medium ($50-100),48.0,14.0,Mid (6-15 yrs)
PHY100764,Advocates (High Adopters),Internal Medicine,West,2 - Standard,Adopted,14.1,1,195.0,27.0,168.0,3,Medium (2-3/qtr),47.5,Medium,67.9,26.3,60.0,Medium ($50-100),38.2,1.0,Early (0-5 yrs)
PHY100765,Access-Constrained,Cardiology,South,2 - Standard,Not adopted,11.1,0,213.0,24.0,189.0,0,Low (0-1/qtr),77.0,High,64.4,40.3,131.0,High ($100+),51.3,18.0,Senior (16+ yrs)
PHY100766,Access-Constrained,Cardiology,Northeast,2 - Standard,Not adopted,1.5,0,177.0,3.0,174.0,1,Low (0-1/qtr),63.2,Medium,55.3,67.7,132.0,High ($100+),49.9,1.0,Early (0-5 yrs)
PHY100767,"White Space (High Potential, Under-Engaged)",Cardiology,Northeast,1 - Preferred (low copay),Not adopted,37.5,0,205.0,77.0,128.0,2,Medium (2-3/qtr),34.3,Medium,36.1,26.0,60.0,Medium ($50-100),16.7,24.0,Senior (16+ yrs)
PHY100768,Access-Constrained,Cardiology,South,2 - Standard,Not adopted,15.5,0,136.0,21.0,115.0,4,High (4+/qtr),65.5,Medium,57.7,48.4,92.0,Medium ($50-100),16.5,15.0,Mid (6-15 yrs)
PHY100769,Access-Constrained,Primary Care,South,2 - Standard,Not adopted,1.2,0,202.0,2.0,200.0,2,Medium (2-3/qtr),0.6,Low,48.7,49.8,60.0,Medium ($50-100),26.7,21.0,Senior (16+ yrs)
PHY100770,Access-Constrained,Endocrinology,Midwest,2 - Standard,Not adopted,4.4,0,220.0,10.0,210.0,2,Medium (2-3/qtr),33.4,Medium,43.8,42.3,101.0,High ($100+),22.2,8.0,Mid (6-15 yrs)
PHY100771,Access-Constrained,Primary Care,South,2 - Standard,Not adopted,1.2,0,140.0,2.0,138.0,4,High (4+/qtr),31.9,Low,100.0,100.0,129.0,High ($100+),49.3,3.0,Early (0-5 yrs)
PHY100772,"White Space (High Potential, Under-Engaged)",Primary Care,South,1 - Preferred (low copay),Not adopted,7.6,0,183.0,14.0,169.0,2,Medium (2-3/qtr),51.7,Medium,19.2,41.7,22.0,Low ($0-50),43.3,16.0,Senior (16+ yrs)
PHY100773,Access-Constrained,Internal Medicine,West,2 - Standard,Not adopted,3.7,0,143.0,5.0,138.0,1,Low (0-1/qtr),45.5,Medium,69.2,59.0,97.0,Medium ($50-100),54.5,14.0,Mid (6-15 yrs)
PHY100774,Access-Constrained,Cardiology,Northeast,3 - Restricted (high copay),Not adopted,1.3,0,148.0,2.0,146.0,5,High (4+/qtr),46.9,Medium,32.7,34.7,123.0,High ($100+),43.9,11.0,Mid (6-15 yrs)
PHY100775,Access-Constrained,Internal Medicine,Northeast,3 - Restricted (high copay),Not adopted,3.6,0,113.0,4.0,109.0,4,High (4+/qtr),46.2,Medium,52.6,60.6,123.0,High ($100+),41.1,15.0,Mid (6-15 yrs)
PHY100776,Access-Constrained,Primary Care,West,2 - Standard,Not adopted,12.9,0,256.0,33.0,223.0,3,Medium (2-3/qtr),50.5,Medium,100.0,67.4,126.0,High ($100+),56.0,33.0,Senior (16+ yrs)
PHY100777,Advocates (High Adopters),Cardiology,West,1 - Preferred (low copay),Not adopted,10.9,0,244.0,27.0,217.0,4,High (4+/qtr),61.9,Medium,30.8,38.2,111.0,High ($100+),45.0,20.0,Senior (16+ yrs)
PHY100778,Advocates (High Adopters),Primary Care,West,2 - Standard,Not adopted,6.5,0,212.0,14.0,198.0,5,High (4+/qtr),53.3,Medium,35.5,48.9,79.0,Medium ($50-100),39.0,21.0,Senior (16+ yrs)
PHY100779,Access-Constrained,Internal Medicine,West,2 - Standard,Not adopted,5.6,0,298.0,17.0,281.0,2,Medium (2-3/qtr),43.7,Medium,49.6,32.1,102.0,High ($100+),60.2,20.0,Senior (16+ yrs)
PHY100780,Access-Constrained,Endocrinology,West,2 - Standard,Not adopted,4.8,0,169.0,8.0,161.0,1,Low (0-1/qtr),58.8,Medium,33.1,27.1,87.0,Medium ($50-100),39.7,24.0,Senior (16+ yrs)
PHY100781,Access-Constrained,Internal Medicine,Midwest,3 - Restricted (high copay),Not adopted,3.0,0,362.0,11.0,351.0,3,Medium (2-3/qtr),68.2,High,67.7,70.7,94.0,Medium ($50-100),33.4,13.0,Mid (6-15 yrs)
PHY100782,"White Space (High Potential, Under-Engaged)",Primary Care,Midwest,1 - Preferred (low copay),Not adopted,4.7,0,166.0,8.0,158.0,2,Medium (2-3/qtr),37.8,Medium,39.3,38.9,67.0,Medium ($50-100),25.4,1.0,Early (0-5 yrs)
PHY100783,"White Space (High Potential, Under-Engaged)",Primary Care,Midwest,1 - Preferred (low copay),Adopted,18.8,1,195.0,37.0,158.0,1,Low (0-1/qtr),48.7,Medium,63.1,1.7,77.0,Medium ($50-100),48.5,13.0,Mid (6-15 yrs)
PHY100784,"White Space (High Potential, Under-Engaged)",Internal Medicine,South,1 - Preferred (low copay),Not adopted,5.4,0,156.0,8.0,148.0,2,Medium (2-3/qtr),75.6,High,23.4,85.3,65.0,Medium ($50-100),56.6,20.0,Senior (16+ yrs)
PHY100785,Advocates (High Adopters),Endocrinology,West,1 - Preferred (low copay),Not adopted,9.2,0,202.0,19.0,183.0,4,High (4+/qtr),25.7,Low,13.9,34.0,38.0,Low ($0-50),37.2,7.0,Mid (6-15 yrs)
PHY100786,Access-Constrained,Internal Medicine,Midwest,3 - Restricted (high copay),Not adopted,10.5,0,230.0,24.0,206.0,5,High (4+/qtr),89.7,High,45.4,45.1,98.0,Medium ($50-100),57.6,13.0,Mid (6-15 yrs)
PHY100787,Access-Constrained,Endocrinology,South,2 - Standard,Not adopted,0.7,0,173.0,1.0,172.0,2,Medium (2-3/qtr),20.5,Low,18.6,82.8,74.0,Medium ($50-100),8.4,9.0,Mid (6-15 yrs)
PHY100788,"White Space (High Potential, Under-Engaged)",Primary Care,Midwest,1 - Preferred (low copay),Not adopted,25.9,0,287.0,74.0,213.0,3,Medium (2-3/qtr),42.4,Medium,80.4,47.2,39.0,Low ($0-50),37.2,25.0,Senior (16+ yrs)
PHY100789,Access-Constrained,Primary Care,Northeast,2 - Standard,Not adopted,1.3,0,194.0,3.0,191.0,2,Medium (2-3/qtr),29.1,Low,19.4,46.7,93.0,Medium ($50-100),37.4,19.0,Senior (16+ yrs)
PHY100790,Access-Constrained,Cardiology,Northeast,2 - Standard,Not adopted,60.2,0,196.0,118.0,78.0,4,High (4+/qtr),98.1,High,29.2,25.4,95.0,Medium ($50-100),27.1,19.0,Senior (16+ yrs)
PHY100791,Access-Constrained,Primary Care,Northeast,2 - Standard,Not adopted,3.1,0,125.0,4.0,121.0,2,Medium (2-3/qtr),38.9,Medium,58.3,17.3,109.0,High ($100+),73.8,18.0,Senior (16+ yrs)
PHY100792,"White Space (High Potential, Under-Engaged)",Endocrinology,West,1 - Preferred (low copay),Not adopted,16.3,0,205.0,33.0,172.0,3,Medium (2-3/qtr),39.0,Medium,38.3,46.7,39.0,Low ($0-50),37.0,14.0,Mid (6-15 yrs)
PHY100793,Advocates (High Adopters),Cardiology,Midwest,2 - Standard,Adopted,42.7,1,172.0,73.0,99.0,11,High (4+/qtr),41.8,Medium,19.6,57.3,71.0,Medium ($50-100),31.9,15.0,Mid (6-15 yrs)
PHY100794,Advocates (High Adopters),Cardiology,West,1 - Preferred (low copay),Not adopted,32.6,0,144.0,47.0,97.0,6,High (4+/qtr),52.1,Medium,90.8,56.1,99.0,Medium ($50-100),38.4,6.0,Mid (6-15 yrs)
PHY100795,Access-Constrained,Endocrinology,South,3 - Restricted (high copay),Not adopted,1.6,0,133.0,2.0,131.0,1,Low (0-1/qtr),42.8,Medium,30.0,40.4,106.0,High ($100+),8.0,1.0,Early (0-5 yrs)
PHY100796,"White Space (High Potential, Under-Engaged)",Cardiology,Northeast,1 - Preferred (low copay),Not adopted,8.7,0,340.0,30.0,310.0,1,Low (0-1/qtr),47.1,Medium,46.1,50.4,61.0,Medium ($50-100),26.6,15.0,Mid (6-15 yrs)
PHY100797,Advocates (High Adopters),Cardiology,Northeast,2 - Standard,Not adopted,11.1,0,164.0,18.0,146.0,5,High (4+/qtr),0.0,Low,45.8,13.3,81.0,Medium ($50-100),52.7,16.0,Senior (16+ yrs)
PHY100798,Access-Constrained,Primary Care,West,3 - Restricted (high copay),Not adopted,0.6,0,93.0,1.0,92.0,0,Low (0-1/qtr),51.3,Medium,64.2,59.2,138.0,High ($100+),28.6,22.0,Senior (16+ yrs)
PHY100799,Advocates (High Adopters),Primary Care,Midwest,1 - Preferred (low copay),Not adopted,20.0,0,138.0,28.0,110.0,9,High (4+/qtr),50.4,Medium,59.2,53.2,89.0,Medium ($50-100),25.6,25.0,Senior (16+ yrs)
